Code,Municipality,Population,Reference Date,Year,Annual financial statement,Debts,Public-private partnerships,Leasing,Total debts,Revenues,Expenditures,PerCapitaExpenditures,Original_Total_Debts
80239,Warth,168,31.10.2017,2019,31.12.2019,488866902,0,0,423963470,600135035,600135035,3572232.351190476,488866902
80239,Warth,154,31.10.2015,2017,31.12.2017,30450898,254500,0,29359165,439852072,439852072,2856182.285714286,32995898
80239,Warth,182,31.10.2008,2010,31.12.2010,231032197,468200,0,246973159,422647512,422647512,2322239.076923077,277852197
80113,Lech,1530,31.10.2017,2019,31.12.2019,1305917396,7220500,1161037,1726727283,3295025601,3295025601,2153611.503921569,2029128433
80113,Lech,1492,31.10.2016,2018,31.12.2018,478638868,8419500,322481,1136681414,3079259284,3079259284,2063846.7050938339,1323813678
80234,Schröcken,228,31.10.2010,2012,31.12.2012,448267164,0,0,395637483,420662646,466852046,2047596.6929824562,448267164
80239,Warth,154,31.10.2016,2018,31.12.2018,279548555,219800,0,273087739,307522451,307522451,1996899.0324675324,301528555
80234,Schröcken,221,31.10.2011,2013,31.12.2013,536832565,0,0,482748190,434782194,440490035,1993167.5791855203,536832565
80239,Warth,154,31.10.2013,2015,31.12.2015,22897861,325900,0,22330126,304734343,304734343,1978794.4350649351,26156861
80209,Damüls,311,31.10.2014,2016,31.12.2016,46006782,0,0,41729755,612938302,612938302,1970862.7073954984,46006782
80239,Warth,174,31.10.2011,2013,31.12.2013,274053551,394700,0,273101653,336633719,336633719,1934676.5459770116,313523551
80239,Warth,179,31.10.2009,2011,31.12.2011,272207317,458200,0,279370630,325327108,325327108,1817469.8770949722,318027317
80234,Schröcken,212,31.10.2016,2018,31.12.2018,405972555,0,2105755,37720034,353708657,377686689,1781540.9858490566,40807831
80234,Schröcken,211,31.10.2013,2015,31.12.2015,521093241,0,0,462841266,346023142,373824912,1771682.0473933648,521093241
80239,Warth,160,31.10.2012,2014,31.12.2014,251647772,362690,0,254213880,281408166,281408166,1758801.0375,287916772
80209,Damüls,328,31.10.2013,2015,31.12.2015,343495044,454400,0,369303910,474686762,569686762,1736849.8841463414,388935044
80234,Schröcken,216,31.10.2017,2019,31.12.2019,363384122,0,1712719,324442864,334871674,367722678,1702419.8055555555,365096841
80113,Lech,1498,31.10.2014,2016,31.12.2016,80367462,10925500,7879133,1053954839,2527887534,2527887534,1687508.3671562083,1180796595
80102,Blons,350,31.10.2017,2019,31.12.2019,544688282,0,0,514405829,567982262,581755847,1662159.5628571429,544688282
80234,Schröcken,225,31.10.2012,2014,31.12.2014,544178333,0,0,506833766,328297462,372190642,1654180.631111111,544178333
80239,Warth,182,31.10.2008,2009,31.12.2009,296395586,496000,0,327962237,295374937,295374937,1622939.2142857143,345995586
80234,Schröcken,213,31.10.2014,2016,31.12.2016,471520576,0,0,416989483,316985768,345084446,1620114.7699530516,471520576
80239,Warth,153,31.10.2014,2016,31.12.2016,206205862,289400,0,210457117,247584199,247584199,1618197.3790849673,235145862
80234,Schröcken,210,31.10.2015,2017,31.12.2017,426187965,0,0,371523750,298190153,336164776,1600784.6476190477,426187965
80403,Dünserberg,143,31.10.2009,2011,31.12.2011,190337119,0,728841,17833261,216025588,216025588,1510668.4475524474,19106596
80121,St. Gerold,361,31.10.2012,2014,31.12.2014,448333165,880100,0,487834493,542981253,542981253,1504103.193905817,536343165
80113,Lech,1493,31.10.2012,2014,31.12.2014,147850521,6045000,9153734,654472404,2076926205,2190383179,1467101.928332217,761504255
80239,Warth,203,31.10.2001,2007,31.12.2007,340564177,0,0,306776431,288078825,288078825,1419107.512315271,340564177
80113,Lech,1489,31.10.2013,2015,31.12.2015,109375632,5465000,8054745,571398841,2425703926,2061991562,1384816.3613163198,663930377
80234,Schröcken,226,31.10.2009,2011,31.12.2011,30855105,0,0,28508179,246368785,310803499,1375236.7212389382,30855105
80239,Warth,203,31.10.2001,2008,31.12.2008,318168559,0,0,275064829,277385417,277385417,1366430.6256157635,318168559
80113,Lech,1465,31.10.2001,2008,31.12.2008,40907993,10192900,0,127109288,1836636511,1951569754,1332129.5249146759,142836993
80105,Brand,659,31.10.2012,2014,31.12.2014,678002108,0,1600,623879561,846925471,846925471,1285167.6342943853,678162108
80209,Damüls,308,31.10.2016,2018,31.12.2018,380896526,0,0,334263524,395036143,395036143,1282584.87987013,380896526
80209,Damüls,309,31.10.2017,2019,31.12.2019,340762117,0,0,295496666,391980077,391980077,1268543.938511327,340762117
80113,Lech,1465,31.10.2001,2007,31.12.2007,446494621,10610000,0,1338448792,1886734798,1848943964,1262077.7911262799,1507494621
80113,Lech,1549,31.10.2011,2013,31.12.2013,193950605,6625000,1233455,751785963,2312085997,1936422337,1250111.2569399613,868785155
80105,Brand,662,31.10.2013,2015,31.12.2015,821124805,0,0,712050902,819314225,819314225,1237634.7809667673,821124805
80239,Warth,203,31.10.2001,2006,31.12.2006,352857471,0,4613327,308314572,242510409,242510409,1194632.5566502463,357470798
80113,Lech,1590,31.10.2010,2012,31.12.2012,239706068,7205000,9430784,908707212,1903010671,1866465351,1173877.579245283,969636852
80105,Brand,694,31.10.2015,2017,31.12.2017,581341707,0,0,548889360,809398372,809398372,1166280.074927954,581341707
80209,Damüls,299,31.10.2015,2017,31.12.2017,420634755,0,0,360830939,345635964,345635964,1155973.1237458193,420634755
80114,Lorüns,274,31.10.2011,2013,31.12.2013,114270322,725900,0,167908302,316034995,316034995,1153412.3905109488,186860322
80113,Lech,1465,31.10.2001,2006,31.12.2006,495801414,10883300,0,1432279551,1597602499,1663780768,1135686.5310580204,1584131414
80209,Damüls,326,31.10.2011,2013,31.12.2013,297240718,488900,0,317735253,352617226,352617226,1081647.9325153374,346130718
80121,St. Gerold,373,31.10.2010,2012,31.12.2012,246508825,980300,0,299682717,27840052,401676701,1076881.2359249329,344538825
80403,Dünserberg,147,31.10.2001,2006,31.12.2006,98129239,0,26422,85439457,124474049,157105239,1068743.1224489796,98155661
80113,Lech,1652,31.10.2008,2009,31.12.2009,365261166,10114000,205208,1283126444,1775167672,1737263597,1051612.3468523002,1378713246
80113,Lech,1642,31.10.2009,2011,31.12.2011,288721048,12288800,965287,1311927789,1950789165,1681773241,1024222.4366626065,1518566335
80209,Damüls,314,31.10.2010,2012,31.12.2012,305182689,539400,0,325133467,316833472,316833472,1009023.7961783439,359122689
80234,Schröcken,233,31.10.2001,2008,31.12.2008,334081304,0,0,300735497,195725647,234983783,1008514.0901287553,334081304
80109,Fontanella,438,31.10.2014,2016,31.12.2016,325337757,0,0,301901607,419324126,438760152,1001735.506849315,325337757
80112,Klösterle,668,31.10.2011,2013,31.12.2013,774930055,0,0,660044103,661201678,661201678,989822.871257485,774930055
80102,Blons,342,31.10.2016,2018,31.12.2018,258262456,2554800,0,450239659,335634917,338131234,988687.8187134503,513742456
80212,Eichenberg,402,31.10.2016,2018,31.12.2018,325058604,0,0,295298517,388355537,388355537,966058.5497512438,325058604
80112,Klösterle,678,31.10.2016,2018,31.12.2018,735680893,0,4542213,685716987,633156831,633156831,933859.6327433628,740223106
80403,Dünserberg,141,31.10.2010,2012,31.12.2012,225727292,0,47635,214731381,131404488,131404488,931946.7234042553,226203642
80234,Schröcken,233,31.10.2001,2007,31.12.2007,354839693,0,0,305593030,166001794,208698442,895701.4678111587,354839693
80105,Brand,713,31.10.2017,2019,31.12.2019,584310513,0,0,517951116,636331782,636331782,892470.9424964937,584310513
80112,Klösterle,719,31.10.2009,2011,31.12.2011,7251473,0,0,6415584,634195375,634195375,882051.9819193324,7251473
80110,Gaschurn,1484,31.10.2015,2017,31.12.2017,505979997,2806900,0,687839076,1305856062,1305856062,879956.9150943396,786669997
80112,Klösterle,677,31.10.2012,2014,31.12.2014,779899832,0,0,666157505,595344327,595344327,879386.0073855243,779899832
80209,Damüls,322,31.10.2009,2011,31.12.2011,26714385,579300,0,28528947,280591222,280591222,871401.3105590062,32507385
80209,Damüls,329,31.10.2012,2014,31.12.2014,273044546,454200,0,289189991,286088619,286088619,869570.2705167173,318464546
80105,Brand,692,31.10.2016,2018,31.12.2018,556803561,0,0,513932548,582697045,582697045,842047.7528901735,556803561
80403,Dünserberg,147,31.10.2001,2007,31.12.2007,59975752,0,462838,5277251,121797281,121797281,828552.9319727891,6043859
80109,Fontanella,423,31.10.2013,2015,31.12.2015,259364813,0,0,234924614,289816797,346188325,818412.1158392435,259364813
80107,Bürserberg,544,31.10.2001,2007,31.12.2007,415134835,0,23130826,400999078,443923609,443923609,816036.0459558824,438265661
80107,Bürserberg,537,31.10.2016,2018,31.12.2018,407123111,0,0,361753225,434049096,434049096,808285.094972067,407123111
80406,Fraxern,662,31.10.2014,2016,31.12.2016,314092246,1730700,0,436989262,528403593,528403593,798192.7386706949,487162246
80234,Schröcken,233,31.10.2001,2006,31.12.2006,370994311,0,0,323227224,186215683,185815524,797491.5193133047,370994311
80107,Bürserberg,509,31.10.2008,2010,31.12.2010,522292878,0,0,482777286,402430921,402430921,790630.4931237721,522292878
80403,Dünserberg,143,31.10.2008,2010,31.12.2010,73533844,0,993281,68530567,90854225,113025833,790390.4405594405,74527125
80403,Dünserberg,148,31.10.2014,2016,31.12.2016,216875026,0,0,203154448,116049567,116049567,784118.6959459459,216875026
80110,Gaschurn,1493,31.10.2012,2014,31.12.2014,357018992,3303200,0,597625847,1165939148,1165939148,780937.1386470194,687338992
80208,Buch,588,31.10.2014,2016,31.12.2016,238280514,0,0,207204957,458740392,458740392,780170.7346938775,238280514
80105,Brand,709,31.10.2001,2008,31.12.2008,547294597,0,0,494001786,552186925,552186925,778825.0,547294597
80105,Brand,650,31.10.2010,2012,31.12.2012,496438217,0,644894,466020387,499748163,499748163,768843.3276923076,497083111
80223,Langenegg,1095,31.10.2013,2015,31.12.2015,16066294,0,907448,144638382,838976942,838976942,766188.9881278538,161570388
80102,Blons,335,31.10.2001,2006,31.12.2006,213649219,0,0,181948081,254321371,254321371,759168.2716417911,213649219
80107,Bürserberg,509,31.10.2008,2009,31.12.2009,475961344,0,5464913,453320928,382296462,382296462,751073.5992141453,481426257
80110,Gaschurn,1470,31.10.2013,2015,31.12.2015,325531839,3138200,0,560452637,1088836094,1088836094,740704.8258503402,639351839
80212,Eichenberg,421,31.10.2017,2019,31.12.2019,335293729,0,0,312072620,245247028,307859358,731257.3824228029,335293729
80110,Gaschurn,1465,31.10.2014,2016,31.12.2016,293724298,2972700,0,516193602,1066732157,1066732157,728144.8170648464,590994298
80403,Dünserberg,154,31.10.2017,2019,31.12.2019,143968814,0,0,133537614,111877625,111877625,726478.0844155845,143968814
80112,Klösterle,727,31.10.2008,2010,31.12.2010,697210436,0,0,642422174,527352418,527352418,725381.5928473177,697210436
80109,Fontanella,425,31.10.2009,2011,31.12.2011,363322498,0,0,313402705,257043664,307824578,724293.1247058824,363322498
80110,Gaschurn,1503,31.10.2011,2013,31.12.2013,240505339,3467100,0,542803254,998341673,1088270545,724065.5655355955,587215339
80107,Bürserberg,544,31.10.2001,2008,31.12.2008,428936002,0,14497648,38603245,389889061,389889061,716707.8327205882,44343365
80228,Mittelberg,4732,31.10.2014,2016,31.12.2016,1307210246,0,0,1208064871,3382719811,3382719811,714860.4841504649,1307210246
80109,Fontanella,423,31.10.2008,2010,31.12.2010,338448807,0,0,300800770,249985418,302101273,714187.4066193854,338448807
80105,Brand,709,31.10.2001,2007,31.12.2007,410085655,0,0,373253532,498868881,498868881,703623.245416079,410085655
80411,Laterns,677,31.10.2010,2012,31.12.2012,229917846,1903900,6441426,385623960,473088729,473088729,698801.6676514032,426749272
80126,Thüringen,2114,31.10.2014,2016,31.12.2016,679988992,4852500,0,1036604389,1476734427,1476734427,698549.8708609272,1165238992
80205,Bildstein,709,31.10.2011,2013,31.12.2013,325972758,509200,0,327168074,492700528,492700528,694923.1706629056,376892758
80228,Mittelberg,4844,31.10.2017,2019,31.12.2019,1701812992,0,0,1535372713,3362823904,3362823904,694224.5879438481,1701812992
80209,Damüls,318,31.10.2008,2010,31.12.2010,247510876,609500,0,283601736,220134586,220134586,692247.1257861635,308460876
80109,Fontanella,473,31.10.2001,2008,31.12.2008,288083153,0,0,249559716,304184327,327342511,692056.0486257928,288083153
80112,Klösterle,663,31.10.2014,2016,31.12.2016,652620004,0,0,585612710,458501658,458501658,691556.0452488688,652620004
80114,Lorüns,281,31.10.2010,2012,31.12.2012,78306606,776100,0,137795682,193075586,193075586,687101.7295373665,155916606
80112,Klösterle,657,31.10.2013,2015,31.12.2015,742506242,0,0,683936318,446107535,446107535,679006.902587519,742506242
80123,Silbertal,883,31.10.2008,2010,31.12.2010,379707724,0,0,356697333,590508001,590508001,668751.9830124575,379707724
80109,Fontanella,423,31.10.2008,2009,31.12.2009,295945527,0,0,253077984,215022613,279772628,661401.011820331,295945527
80205,Bildstein,701,31.10.2008,2009,31.12.2009,263274148,819000,0,326577255,462439135,462439135,659684.9286733238,345174148
80406,Fraxern,664,31.10.2013,2015,31.12.2015,193426579,1936800,0,363354063,300954639,437232934,658483.3343373494,387106579
80110,Gaschurn,1519,31.10.2010,2012,31.12.2012,267116001,1215500,0,368780512,931409816,979662736,644939.2600394997,388666001
80107,Bürserberg,565,31.10.2017,2019,31.12.2019,362566063,0,0,319339597,363892328,363892328,644057.217699115,362566063
80225,Lingenau,1328,31.10.2001,2006,31.12.2006,655147024,4670000,50054935,1106379947,854270325,854270325,643275.8471385542,1172201959
80209,Damüls,326,31.10.2001,2008,31.12.2008,284020575,562700,0,291668844,209693311,209693311,643231.0153374233,340290575
80107,Bürserberg,523,31.10.2015,2017,31.12.2017,420623203,0,0,368559730,335223466,335223466,640962.6500956023,420623203
80124,Sonntag,723,31.10.2001,2008,31.12.2008,386489228,1240700,20375091,503348750,441194733,460109083,636388.7731673582,530934319
80229,Möggers,536,31.10.2017,2019,31.12.2019,18076452,0,0,15937894,338429655,338429655,631398.6100746269,18076452
80227,Mellau,1317,31.10.2016,2018,31.12.2018,457114334,0,0,393828450,830129873,830129873,630318.8101746393,457114334
80209,Damüls,318,31.10.2008,2009,31.12.2009,266274379,546300,0,284609084,200157043,200157043,629424.6635220125,320904379
80109,Fontanella,428,31.10.2011,2013,31.12.2013,338485093,0,0,296999001,234128242,267167852,624223.953271028,338485093
80213,Fußach,3789,31.10.2014,2016,31.12.2016,296729499,6111000,0,800747429,2359304634,2359304634,622672.1124307205,907829499
80403,Dünserberg,147,31.10.2001,2008,31.12.2008,5861393,0,256038,51384006,77948974,91348227,621416.5102040817,58869968
80406,Fraxern,681,31.10.2016,2018,31.12.2018,462916147,0,0,414688350,421446537,421446537,618864.2246696035,462916147
80225,Lingenau,1426,31.10.2015,2017,31.12.2017,721760683,0,488025,650414343,879093952,879093952,616475.4221598879,722248708
80109,Fontanella,421,31.10.2012,2014,31.12.2014,303479048,0,0,267868443,225811773,259032751,615279.6935866984,303479048
80233,Schoppernau,945,31.10.2014,2016,31.12.2016,301712398,0,0,283381205,581415103,581415103,615254.0772486773,301712398
80421,Übersaxen,629,31.10.2016,2018,31.12.2018,125042006,466300,0,155342703,333351638,386849103,615022.4213036567,171672006
80107,Bürserberg,514,31.10.2014,2016,31.12.2016,43752048,0,0,38406404,315205424,315205424,613240.1245136186,43752048
80107,Bürserberg,523,31.10.2013,2015,31.12.2015,482785102,0,0,425426447,320406638,320406638,612632.1950286807,482785102
80110,Gaschurn,1458,31.10.2017,2019,31.12.2019,486846776,2474700,0,646878431,880388254,880388254,603832.8216735254,734316776
80212,Eichenberg,413,31.10.2015,2017,31.12.2017,155694355,0,0,137906012,248189086,248189086,600942.0968523002,155694355
80107,Bürserberg,533,31.10.2011,2013,31.12.2013,508329543,0,0,467740254,316501684,316501684,593811.789868668,508329543
80123,Silbertal,876,31.10.2009,2011,31.12.2011,425982784,0,44311,375708610,478971127,512735905,585314.9600456621,430413884
80411,Laterns,659,31.10.2017,2019,31.12.2019,3954008,1512800,0,5059465,379340005,379340005,575629.7496206373,5466808
80112,Klösterle,692,31.10.2010,2012,31.12.2012,709982593,0,0,665493835,394735105,394735105,570426.4523121387,709982593
80109,Fontanella,461,31.10.2016,2018,31.12.2018,25438904,0,0,23100911,260533045,260533045,565147.6030368763,25438904
80402,Düns,417,31.10.2017,2019,31.12.2019,110056389,0,0,94745381,22793537,235571035,564918.5491606714,110056389
80114,Lorüns,280,31.10.2012,2014,31.12.2014,75196518,675300,0,124157207,157692387,157692387,563187.0964285714,142726518
80105,Brand,656,31.10.2009,2011,31.12.2011,537807399,0,0,503046457,368332918,368332918,561483.106707317,537807399
80124,Sonntag,699,31.10.2016,2018,31.12.2018,280793949,0,0,253094512,391171702,391171702,559616.1688125894,280793949
80228,Mittelberg,4748,31.10.2013,2015,31.12.2015,100544977,851400,0,93032354,2650993483,2650993483,558338.9812552654,109058977
80105,Brand,651,31.10.2008,2010,31.12.2010,56933664,0,-67917,508951658,362961765,362961765,557544.9539170507,569268723
80107,Bürserberg,522,31.10.2010,2012,31.12.2012,482868414,0,0,456943643,290475225,290475225,556465.948275862,482868414
80210,Doren,1022,31.10.2011,2013,31.12.2013,36491323,4985300,9419807,46552754,567896504,567896504,555671.7260273972,54444113
80112,Klösterle,767,31.10.2001,2006,31.12.2006,658167733,0,0,586985132,425222259,425222259,554396.6870925685,658167733
80209,Damüls,326,31.10.2001,2007,31.12.2007,300023577,556700,0,305248611,180025933,180025933,552226.7883435583,355693577
80124,Sonntag,723,31.10.2001,2006,31.12.2006,301106804,0,29678269,312607662,311319605,397415402,549675.5214384509,330785073
80411,Laterns,682,31.10.2011,2013,31.12.2013,254469099,1842300,3232343,403596912,373263511,373263511,547307.2008797654,441931442
80221,Krumbach,990,31.10.2011,2013,31.12.2013,259074048,0,1286127,232342364,541378461,541378461,546846.9303030303,260360175
80232,Schnepfau,462,31.10.2015,2017,31.12.2017,60862198,0,0,52851201,251555895,251555895,544493.2792207792,60862198
80403,Dünserberg,151,31.10.2011,2013,31.12.2013,199686554,0,217958,174737249,81765032,81765032,541490.2781456953,199904512
80208,Buch,598,31.10.2017,2019,31.12.2019,322521654,0,0,286945335,323321126,323321126,540670.7792642141,322521654
80125,Stallehr,255,31.10.2009,2011,31.12.2011,168290035,0,0,149522783,137437324,137437324,538969.8980392157,168290035
80102,Blons,325,31.10.2013,2015,31.12.2015,212288376,1910500,681258,355541232,171517788,174920158,538215.8707692308,404019634
80205,Bildstein,726,31.10.2014,2016,31.12.2016,340606806,0,0,322216555,389983146,389983146,537166.867768595,340606806
80121,St. Gerold,353,31.10.2008,2009,31.12.2009,255260395,0,0,227562377,183055153,188745539,534689.9121813031,255260395
80120,St. Gallenkirch,2221,31.10.2009,2011,31.12.2011,866887945,3601200,1993322,1107315436,1005818135,1187094713,534486.5884736605,1229001267
80228,Mittelberg,4812,31.10.2012,2014,31.12.2014,111557498,953300,0,105391345,2567144574,2567144574,533488.0660847881,121090498
80208,Buch,598,31.10.2016,2018,31.12.2018,33858176,0,0,29737846,318832537,318832537,533164.7775919732,33858176
80415,Röns,329,31.10.2013,2015,31.12.2015,144537545,1539500,0,254101142,175089131,175089131,532185.8085106383,298487545
80109,Fontanella,440,31.10.2015,2017,31.12.2017,285087817,0,0,264064984,215622886,234000175,531818.5795454546,285087817
80129,Vandans,2609,31.10.2015,2017,31.12.2017,675655463,0,0,634932600,1386748305,1386748305,531524.8390187811,675655463
80210,Doren,1023,31.10.2010,2012,31.12.2012,41286065,5370600,13901281,558367977,543495121,543495121,531275.7781036168,592247346
80211,Egg ,3545,31.10.2017,2019,31.12.2019,1268186336,4436747,1620524,160421060,1876020641,1876028345,529204.0465444288,171348156
80107,Bürserberg,531,31.10.2009,2011,31.12.2011,49221421,0,0,43347881,280859812,280859812,528926.1996233521,49221421
80228,Mittelberg,4783,31.10.2011,2013,31.12.2013,1231334356,1054000,0,1219495252,2525075465,2525075465,527927.1304620531,1336734356
80232,Schnepfau,448,31.10.2016,2018,31.12.2018,79319947,0,0,68145340,236162053,236162053,527147.4397321428,79319947
80225,Lingenau,1470,31.10.2017,2019,31.12.2019,564462124,0,227745,513399376,773309668,773309668,526060.9986394558,564689869
80228,Mittelberg,4717,31.10.2001,2006,31.12.2006,1666158075,1674200,0,1682837603,2461081249,2461081249,521747.1377994488,1833578075
80120,St. Gallenkirch,2155,31.10.2011,2013,31.12.2013,766878729,5445800,139196,1235177650,954765605,1122957441,521093.94013921113,1312850689
80109,Fontanella,440,31.10.2017,2019,31.12.2019,212644094,0,0,182556723,228755877,228755877,519899.72045454546,212644094
80415,Röns,307,31.10.2008,2010,31.12.2010,59461802,1667000,0,205130889,159165177,159165177,518453.345276873,226161802
80228,Mittelberg,4845,31.10.2008,2010,31.12.2010,1592094923,1344600,0,1601412119,2504755434,2504755434,516977.38575851393,1726554923
80110,Gaschurn,1651,31.10.2001,2006,31.12.2006,400387893,0,23000756,398067014,773290313,852925958,516611.72501514235,423388649
80403,Dünserberg,145,31.10.2012,2014,31.12.2014,199614485,0,0,181914246,74776389,74776389,515699.2344827586,199614485
80126,Thüringen,2120,31.10.2013,2015,31.12.2015,160620357,4967900,0,583389588,70745361,1090107188,514201.5037735849,657410357
80121,St. Gerold,393,31.10.2016,2018,31.12.2018,403200916,688800,0,419686324,205834735,201977506,513937.67430025444,472080916
80415,Röns,350,31.10.2017,2019,31.12.2019,210927449,1267100,0,305972032,171681101,179700369,513429.6257142857,337637449
80228,Mittelberg,4717,31.10.2001,2008,31.12.2008,1522838384,1526900,0,1502800911,2408671579,2408671579,510636.3322026712,1675528384
80110,Gaschurn,1577,31.10.2008,2010,31.12.2010,320594897,593200,0,348559093,695086912,804690998,510266.96131896006,379914897
80107,Bürserberg,526,31.10.2012,2014,31.12.2014,499498373,0,0,460623576,268206437,268206437,509898.1692015209,499498373
80403,Dünserberg,144,31.10.2013,2015,31.12.2015,188406997,0,0,170754370,73123145,73123145,507799.61805555556,188406997
80228,Mittelberg,4845,31.10.2008,2009,31.12.2009,1437710754,1439700,0,1358491426,2458279426,2458279426,507384.8144478844,1581680754
80232,Schnepfau,471,31.10.2014,2016,31.12.2016,66599955,0,0,60809764,238878948,238878948,507173.9872611465,66599955
80411,Laterns,684,31.10.2014,2016,31.12.2016,380578903,1748300,0,515220124,346504652,346504652,506585.7485380117,555408903
80227,Mellau,1304,31.10.2015,2017,31.12.2017,1350047,0,0,1230326,660504185,660504185,506521.6142638037,1350047
80105,Brand,651,31.10.2008,2009,31.12.2009,534687027,0,0,463353295,329442599,329442599,506056.2196620584,534687027
80112,Klösterle,767,31.10.2001,2008,31.12.2008,609275362,0,0,561378539,387747525,387747525,505537.84224250325,609275362
80123,Silbertal,850,31.10.2016,2018,31.12.2018,431560994,160000,100716,405854262,429172498,429172498,504908.8211764706,448568154
80105,Brand,654,31.10.2011,2013,31.12.2013,462753212,0,386714,411676655,329869741,329869741,504387.98318042816,463139926
80102,Blons,329,31.10.2014,2016,31.12.2016,194351352,1818200,0,354309684,162529616,165575002,503267.48328267474,376171352
80112,Klösterle,767,31.10.2001,2007,31.12.2007,612610947,0,0,581871356,385963464,385963464,503211.8174706649,612610947
80121,St. Gerold,385,31.10.2001,2008,31.12.2008,253864302,0,0,230630504,193313341,193313341,502112.574025974,253864302
80120,St. Gallenkirch,2234,31.10.2017,2019,31.12.2019,399203728,4232100,308525,756742476,1120482405,1120482405,501558.8205013429,822722253
80411,Laterns,675,31.10.2012,2014,31.12.2014,296669043,1779400,0,432331544,337888612,337888612,500575.7214814815,474609043
80104,Bludesch,2365,31.10.2016,2018,31.12.2018,609174973,0,2629397,52007712,1179079277,1179079277,498553.60549682874,61180437
80403,Dünserberg,152,31.10.2015,2017,31.12.2017,20415498,0,0,19382651,75666845,75666845,497808.1907894737,20415498
80411,Laterns,679,31.10.2013,2015,31.12.2015,374710472,1715200,0,488026422,337321235,337321235,496791.2150220913,546230472
80120,St. Gallenkirch,2216,31.10.2016,2018,31.12.2018,403018508,4521100,497803,794254533,1100120249,1100120249,496444.15568592056,855626311
80420,Sulz,2554,31.10.2017,2019,31.12.2019,782988106,0,14895947,687664869,1235325133,1263602152,494754.1707126077,797884053
80228,Mittelberg,4825,31.10.2009,2011,31.12.2011,1472765558,1251800,0,1468508285,2385412874,2385412874,494386.08787564764,1597945558
80109,Fontanella,473,31.10.2001,2006,31.12.2006,214406767,0,0,191922643,218480262,233605823,493881.23255813954,214406767
80403,Dünserberg,153,31.10.2016,2018,31.12.2018,185898911,0,0,168138841,75328932,75328932,492345.96078431373,185898911
80205,Bildstein,721,31.10.2012,2014,31.12.2014,302598697,461800,0,323518343,307673883,353535467,490340.45353675453,348778697
80112,Klösterle,727,31.10.2008,2009,31.12.2009,577951158,0,0,492140621,355156355,355156355,488523.18431911967,577951158
80230,Reuthe,662,31.10.2016,2018,31.12.2018,105030027,184000,0,107569652,323321663,323321663,488401.30362537765,123430027
80208,Buch,568,31.10.2013,2015,31.12.2015,83581063,0,0,74209192,276449124,276449124,486706.2042253521,83581063
80402,Düns,380,31.10.2011,2013,31.12.2013,66766475,0,0,62025179,184479682,184479682,485472.84736842103,66766475
80402,Düns,397,31.10.2009,2011,31.12.2011,6764691,0,0,6082955,16437955,192717465,485434.42065491184,6764691
80120,St. Gallenkirch,2189,31.10.2012,2014,31.12.2014,685724795,5178500,1103729,1124991259,1053673497,1053673497,481349.244860667,1204678524
80228,Mittelberg,4717,31.10.2001,2007,31.12.2007,1565775512,1572600,0,1594027425,2268414103,2268414103,480901.8662285351,1723035512
80122,Schruns,3630,31.10.2012,2014,31.12.2014,1111011557,580400,5180718,1057566365,177949749,1744672073,480625.91542699724,1174232275
80118,Raggal,875,31.10.2017,2019,31.12.2019,402783997,0,0,347149077,416248804,419531398,479464.4548571429,402783997
80120,St. Gallenkirch,2155,31.10.2013,2015,31.12.2015,607538538,4908400,821954,939065898,1032191534,1032191534,478975.1897911833,1099200492
80415,Röns,321,31.10.2012,2014,31.12.2014,81340186,1512600,0,207595966,153362852,153362852,477765.89408099686,232600186
80114,Lorüns,288,31.10.2013,2015,31.12.2015,65943494,623500,0,118026564,136975859,136975859,475610.62152777775,128293494
80229,Möggers,490,31.10.2014,2016,31.12.2016,172190987,0,0,149977702,232982656,232982656,475474.8081632653,172190987
80124,Sonntag,686,31.10.2013,2015,31.12.2015,283919526,791400,0,320572123,317961432,325897656,475069.4693877551,363059526
80205,Bildstein,701,31.10.2008,2010,31.12.2010,245958153,731200,0,274184701,275648959,332942496,474953.6319543509,319078153
80211,Egg,3507,31.10.2015,2017,31.12.2017,520370702,5269500,1094555,942722505,1663362906,1663362906,474297.9486740804,1048415257
80114,Lorüns,265,31.10.2001,2007,31.12.2007,56170845,0,18126618,67441948,124095598,124095598,468285.2754716981,74297463
80124,Sonntag,684,31.10.2009,2011,31.12.2011,386668432,1019200,4198959,441953507,314173501,319910165,467704.91959064326,492787391
80121,St. Gerold,407,31.10.2017,2019,31.12.2019,397182102,738200,0,420551594,185198928,190179739,467272.085995086,471002102
80217,Höchst,8019,31.10.2017,2019,31.12.2019,2004706871,0,0,1833896406,3732842953,3732842953,465499.80708317744,2004706871
80222,Langen b.Breg.,1410,31.10.2017,2019,31.12.2019,1469537,0,0,1287938,656301505,656301505,465462.06028368796,1469537
80415,Röns,321,31.10.2011,2013,31.12.2013,58712523,1554900,0,196451342,149345085,149345085,465249.4859813084,214202523
80122,Schruns,3809,31.10.2017,2019,31.12.2019,1017100629,445200,0,917889174,1749074784,1766462599,463760.1992648989,1061620629
80102,Blons,328,31.10.2009,2011,31.12.2011,181795019,2243000,0,369171468,152084078,152084078,463670.9695121951,406095019
80402,Düns,413,31.10.2015,2017,31.12.2017,118868209,0,0,105284741,191154804,191154804,462844.5617433414,118868209
80215,Hard,13330,31.10.2016,2018,31.12.2018,3588906476,1225900,53888359,3401556794,6124835753,6124835753,459477.5508627157,3765384835
80210,Doren,1023,31.10.2015,2017,31.12.2017,172799467,1885400,0,310028142,468724766,469334378,458782.38318670576,361339467
80123,Silbertal,846,31.10.2015,2017,31.12.2017,425357906,971000,1310016,476805807,365276488,385502656,455676.89834515366,523767922
80124,Sonntag,674,31.10.2008,2010,31.12.2010,392897415,1072100,9713536,468321326,306918204,306995005,455482.20326409495,509820951
80116,Nenzing,6243,31.10.2017,2019,31.12.2019,1242195846,2074800,279973918,1561367524,2835571094,2835571094,454200.07912862406,1729649764
80121,St. Gerold,367,31.10.2009,2011,31.12.2011,241581074,1025600,0,298166438,152657952,166689595,454195.08174386923,344141074
80210,Doren,1031,31.10.2016,2018,31.12.2018,184726782,1700700,0,330298084,464439692,467662497,453600.87002909795,354796782
80110,Gaschurn,1651,31.10.2001,2008,31.12.2008,331329443,0,352237,301985539,617196016,746227018,451984.86856450635,334851813
80102,Blons,320,31.10.2012,2014,31.12.2014,17848306,1996800,13500,33133969,144610082,144610082,451906.50625,37951306
80202,Andelsbuch,2397,31.10.2015,2017,31.12.2017,119993533,0,0,113503106,1082891451,1082891451,451769.48310387984,119993533
80122,Schruns,3622,31.10.2013,2015,31.12.2015,1250277506,554100,3194127,1124000374,1667138871,1634986314,451404.28326891223,1308881633
80102,Blons,335,31.10.2001,2007,31.12.2007,209254163,2564300,0,415226372,150898568,150898568,450443.4865671642,465684163
80223,Langenegg,1138,31.10.2015,2017,31.12.2017,255388974,0,170054,228702639,512392536,512392536,450257.06151142356,257089514
80211,Egg ,3359,31.10.2001,2007,31.12.2007,319210503,759600,1647569,343480877,1511718837,1511718837,450050.2640666865,396818072
80114,Lorüns,289,31.10.2015,2017,31.12.2017,44059445,51724741,0,85456092,130000396,130000396,449828.3598615917,95784186
80411,Laterns,713,31.10.2008,2010,31.12.2010,226491011,0,12672695,212866878,320334209,320334209,449276.5904628331,239163706
80114,Lorüns,276,31.10.2009,2011,31.12.2011,82215673,0,0,70480042,123973751,123973751,449180.25724637683,82215673
80116,Nenzing,5652,31.10.2001,2006,31.12.2006,1576119882,0,610853199,1882649834,2536309912,2536309912,448745.56121726823,2186973081
80406,Fraxern,667,31.10.2012,2014,31.12.2014,217568927,2005800,0,369767124,278548058,298757239,447911.90254872566,418148927
80204,Bezau,1878,31.10.2001,2007,31.12.2007,502771734,3569700,0,809518673,839518058,839518058,447027.719914803,859741734
80225,Lingenau,1357,31.10.2013,2015,31.12.2015,477171216,4221200,4637161,827364088,606027131,606027131,446593.31687546056,903928377
80219,Hohenweiler,1273,31.10.2017,2019,31.12.2019,13748361,0,0,11911480,345571536,567540334,445829.0133542812,13748361
80118,Raggal,830,31.10.2010,2012,31.12.2012,401697579,1944600,0,515721625,38059543,368210866,443627.54939759034,596157579
80411,Laterns,650,31.10.2016,2018,31.12.2018,357921097,1592200,0,483186407,285910254,285910254,439861.9292307692,517141097
80229,Möggers,504,31.10.2015,2017,31.12.2017,174398264,0,0,164850150,221458144,221458144,439401.07936507935,174398264
80403,Dünserberg,143,31.10.2008,2009,31.12.2009,6871174,0,49238,61658746,62429716,62747313,438792.3986013986,68760978
80124,Sonntag,675,31.10.2017,2019,31.12.2019,271244694,0,0,246008501,294409917,295918015,438397.05925925926,271244694
80122,Schruns,3670,31.10.2011,2013,31.12.2013,1212605424,605800,9886647,1155675163,1582969012,1608653082,438325.09046321525,1283072071
80104,Bludesch,2390,31.10.2017,2019,31.12.2019,744599724,0,0,694931957,1047560822,1047560822,438309.96736401675,744599724
80125,Stallehr,262,31.10.2008,2010,31.12.2010,174548896,0,0,150301208,113966204,113966204,434985.51145038166,174548896
80128,Tschagguns,2185,31.10.2015,2017,31.12.2017,104056634,1931300,836296,1160375432,949220152,949220152,434425.69885583525,1234532636
80122,Schruns,3701,31.10.2015,2017,31.12.2017,1161721213,500100,0,1069267331,1602247054,1604510441,433534.2991083491,1211731213
80419,Schnifis,706,31.10.2001,2008,31.12.2008,58265532,0,964399,58379078,305267697,305267697,432390.50566572236,67909522
80110,Gaschurn,1546,31.10.2009,2011,31.12.2011,293594549,1260100,0,389815161,753604011,668165681,432189.9618369987,419604549
80122,Schruns,3633,31.10.2014,2016,31.12.2016,1226422839,527200,1188404,1171095512,1604571799,1565752932,430980.71345995046,1280331243
80121,St. Gerold,404,31.10.2015,2017,31.12.2017,433903989,747700,0,451660170,136966764,174105583,430954.4133663366,508673989
80128,Tschagguns,2186,31.10.2010,2012,31.12.2012,644755717,2727000,0,807617933,931317082,940807206,430378.41079597437,917455717
80114,Lorüns,300,31.10.2008,2009,31.12.2009,89628685,0,5593229,82502742,128994139,128994139,429980.4633333333,95221914
80125,Stallehr,292,31.10.2017,2019,31.12.2019,107565606,0,0,98680381,125420353,125420353,429521.7568493151,107565606
80223,Langenegg,1134,31.10.2017,2019,31.12.2019,305963016,0,93494,285340824,486841579,486841579,429313.56172839506,306897956
80204,Bezau,1878,31.10.2001,2006,31.12.2006,729526495,0,0,629817921,805178822,805178822,428742.7167199148,729526495
80223,Langenegg,1151,31.10.2016,2018,31.12.2018,29464312,0,131774,27195282,493477007,493477007,428737.62554300606,29596086
80423,Weiler,2041,31.10.2012,2014,31.12.2014,480054005,593700,0,490331521,874407483,874407483,428421.1087702107,539424005
80121,St. Gerold,351,31.10.2014,2016,31.12.2016,463685554,806600,0,486279958,12639588,149648314,426348.47293447296,544345554
80120,St. Gallenkirch,2241,31.10.2008,2009,31.12.2009,812112753,0,1383985,711097383,784376534,951367938,424528.3078982597,813496738
80122,Schruns,3678,31.10.2010,2012,31.12.2012,1115535999,631500,1526819,1093439107,157309387,1558890343,423841.85508428497,1193954189
80237,Sibratsgfäll,388,31.10.2011,2013,31.12.2013,50930635,0,0,47236599,164426033,164426033,423778.4355670103,50930635
80123,Silbertal,873,31.10.2001,2008,31.12.2008,193057235,0,0,179558260,324371752,368514542,422124.33218785794,193057235
80125,Stallehr,262,31.10.2008,2009,31.12.2009,130349997,0,0,117855252,109778791,109778791,419003.01908396947,130349997
80105,Brand,709,31.10.2001,2006,31.12.2006,238360137,0,0,210266976,296620146,296620146,418364.0987306065,238360137
80107,Bürserberg,544,31.10.2001,2006,31.12.2006,212552059,0,31470445,214867047,216602239,226669021,416670.9944852941,244022504
80114,Lorüns,272,31.10.2014,2016,31.12.2016,47625987,570700,0,97033688,113146385,113146385,415979.35661764705,104695987
80106,Bürs,3233,31.10.2016,2018,31.12.2018,422682776,15920000,0,1833837021,1344329993,1344329993,415815.03031240334,2014682776
80230,Reuthe,666,31.10.2017,2019,31.12.2019,97572268,137900,0,103176208,276703816,276703816,415471.1951951952,111362268
80409,Klaus,3098,31.10.2013,2015,31.12.2015,1638354502,1607400,383756,1573846347,1283993228,1283993228,414458.7566171724,1799478258
80106,Bürs,3276,31.10.2017,2019,31.12.2019,372466043,15159900,0,1735210500,1355336121,1355336121,413716.76465201465,1888456043
80120,St. Gallenkirch,2128,31.10.2014,2016,31.12.2016,533675659,5123000,0,952627127,879090174,879906413,413489.8557330827,1045975659
80124,Sonntag,674,31.10.2008,2009,31.12.2009,373622747,1189000,15160711,472221509,242986961,278515426,413227.6350148368,507683458
80111,Innerbraz,961,31.10.2015,2017,31.12.2017,93940316,44000,0,88653750,397000572,397000572,413111.9375650364,98340316
80419,Schnifis,742,31.10.2008,2010,31.12.2010,11068715,0,0,9597199,306392769,306392769,412928.2601078167,11068715
80124,Sonntag,678,31.10.2015,2017,31.12.2017,253896601,671400,0,295682704,2745863,279812802,412703.2477876106,321036601
80125,Stallehr,272,31.10.2001,2006,31.12.2006,142652939,0,0,130540127,111777266,111777266,410945.83088235295,142652939
80120,St. Gallenkirch,2268,31.10.2001,2007,31.12.2007,888625534,0,27920507,864231654,742682214,929944557,410028.46428571426,916546041
80411,Laterns,657,31.10.2015,2017,31.12.2017,361770894,1670700,0,497349228,269230383,269230383,409787.4931506849,528840894
80122,Schruns,3689,31.10.2008,2010,31.12.2010,1110648075,677200,16325131,1071497913,1526979405,1511422003,409710.4914611006,1194693206
80240,Wolfurt,8360,31.10.2015,2017,31.12.2017,460100433,0,68418,434013218,3424611958,3424611958,409642.57870813395,460784613
80240,Wolfurt,8434,31.10.2016,2018,31.12.2018,453214379,6000000,0,981831265,3451122083,3451122083,409191.6152478065,1053214379
80127,Thüringerberg,714,31.10.2017,2019,31.12.2019,242147434,726200,1032197,286593843,291003502,291003502,407567.9299719888,315799631
80128,Tschagguns,2168,31.10.2012,2014,31.12.2014,868380866,2342000,0,964801017,881111109,881111109,406416.5631918819,1102580866
80407,Göfis,3255,31.10.2015,2017,31.12.2017,1572191246,0,0,1418470318,1318085994,1318085994,404941.933640553,1572191246
80416,Röthis,1899,31.10.2016,2018,31.12.2018,141492293,0,0,134245626,767446288,767446288,404131.79989468143,141492293
80233,Schoppernau,947,31.10.2015,2017,31.12.2017,284766619,0,0,253471052,382430949,382430949,403834.1594508976,284766619
80122,Schruns,3689,31.10.2008,2009,31.12.2009,959973758,557000,15662532,92782239,1366497353,1488340229,403453.5725128761,103133629
80415,Röns,326,31.10.2014,2016,31.12.2016,165575113,1485200,0,291876077,131407721,131407721,403091.1687116564,314095113
80204,Bezau,1878,31.10.2001,2008,31.12.2008,447405014,0,0,386249781,736619694,755293726,402179.83280085196,447405014
80122,Schruns,3679,31.10.2009,2011,31.12.2011,1093289614,654700,13749271,1028762132,1398214936,1477477323,401597.53275346564,1172508885
80208,Buch,550,31.10.2009,2011,31.12.2011,19614149,0,0,16706418,220278573,220278573,400506.49636363634,19614149
80122,Schruns,3712,31.10.2001,2008,31.12.2008,927715999,0,6178728,810801045,1485311959,1485306269,400136.3871228448,933894727
80402,Düns,391,31.10.2013,2015,31.12.2015,60182236,0,0,54372607,156385645,156385645,399963.2864450128,60182236
80212,Eichenberg,411,31.10.2014,2016,31.12.2016,68803776,0,0,60731200,145199699,163981449,398981.62773722626,68803776
80230,Reuthe,586,31.10.2001,2008,31.12.2008,32551201,0,0,30596757,233347808,233347808,398204.4505119454,32551201
80227,Mellau,1300,31.10.2014,2016,31.12.2016,106243598,0,0,91791903,517579661,517579661,398138.2007692308,106243598
80223,Langenegg,1026,31.10.2001,2008,31.12.2008,227505904,0,0,210352436,408399681,408399681,398050.3713450292,227505904
80402,Düns,423,31.10.2016,2018,31.12.2018,11447527,0,0,10004273,167887245,167887245,396896.56028368796,11447527
80102,Blons,329,31.10.2010,2012,31.12.2012,177343106,2160400,2720474,34790911,121290222,130537166,396769.50151975686,39610358
80110,Gaschurn,1577,31.10.2008,2009,31.12.2009,316195573,0,1304029,271382242,694639251,625264532,396489.87444514903,317499602
80215,Hard,13140,31.10.2015,2017,31.12.2017,3243432666,1358900,69720557,2958659115,5197912202,5197912202,395579.31522070017,3449043223
80126,Thüringen,2178,31.10.2015,2017,31.12.2017,636244733,7810000,0,1226713223,860890033,860890033,395266.3145087236,1417244733
80230,Reuthe,618,31.10.2009,2011,31.12.2011,24435379,0,0,22689614,243986916,243986916,394800.8349514563,24435379
80124,Sonntag,679,31.10.2011,2013,31.12.2013,336495567,908300,0,387936932,267337658,267741051,394316.71723122237,427325567
80123,Silbertal,864,31.10.2010,2012,31.12.2012,42175801,0,278869,3805835,340189417,340189417,393737.7511574074,4245467
80111,Innerbraz,936,31.10.2012,2014,31.12.2014,29633151,254800,606243,51164584,368100512,368100512,393269.77777777775,55719394
80208,Buch,601,31.10.2015,2017,31.12.2017,225532754,0,0,206010344,235109099,235109099,391196.50415973377,225532754
80111,Innerbraz,977,31.10.2016,2018,31.12.2018,89190158,0,0,77253978,382153169,382153169,391149.6100307062,89190158
80422,Viktorsberg,379,31.10.2013,2015,31.12.2015,12249768,0,0,10555934,148035345,148035345,390594.5778364116,12249768
80120,St. Gallenkirch,2202,31.10.2010,2012,31.12.2012,847600197,3474500,1692641,1034325747,1048328703,859871947,390495.88873751136,1196742838
80420,Sulz,2573,31.10.2016,2018,31.12.2018,561554542,0,2477758,542256670,971761787,1004027185,390216.55071900506,586332122
80406,Fraxern,671,31.10.2011,2013,31.12.2013,161089669,1967200,527825,335814680,261497756,261497756,389713.4962742176,358337494
80123,Silbertal,870,31.10.2011,2013,31.12.2013,406591059,0,114628,387333309,293411833,337997645,388503.0402298851,407737339
80414,Rankweil,11719,31.10.2014,2016,31.12.2016,1505632658,731200,1102629,1404651693,4551832543,4551832543,388414.75748784025,1579855287
80114,Lorüns,284,31.10.2016,2018,31.12.2018,4045918,463500,0,7885885,110197149,110197149,388018.13028169016,8680918
80114,Lorüns,303,31.10.2017,2019,31.12.2019,36827173,409700,0,69035738,117482435,117482435,387730.8085808581,77797173
80418,Schlins,2269,31.10.2012,2014,31.12.2014,651930672,0,0,570158160,879512274,879512274,387621.0991626267,651930672
80227,Mellau,1302,31.10.2017,2019,31.12.2019,471625141,0,0,408178121,504073055,504073055,387152.88402457756,471625141
80419,Schnifis,746,31.10.2009,2011,31.12.2011,157626683,1407300,0,272232419,288379746,288379746,386568.02412868635,298356683
80402,Düns,404,31.10.2014,2016,31.12.2016,85406762,0,0,79504395,156073591,156073591,386320.7698019802,85406762
80123,Silbertal,841,31.10.2017,2019,31.12.2019,380486414,104300,704304,367193628,324542773,324542773,385901.03804994054,391620718
80230,Reuthe,586,31.10.2001,2007,31.12.2007,35147179,0,0,32990188,226015355,226015355,385691.73208191124,35147179
80206,Bizau,1041,31.10.2014,2016,31.12.2016,75259919,0,0,65347645,398231109,398231109,382546.6945244957,75259919
80124,Sonntag,692,31.10.2010,2012,31.12.2012,361632296,964600,0,399530075,262418761,264235611,381843.36849710986,458092296
80240,Wolfurt,8460,31.10.2017,2019,31.12.2019,447411683,5858000,3813228,972304570,3226449378,3226449378,381376.995035461,1037024911
80129,Vandans,2652,31.10.2017,2019,31.12.2019,771712345,0,0,720462669,940531004,1008961956,380453.2262443439,771712345
80116,Nenzing,6252,31.10.2016,2018,31.12.2018,1537467302,2229700,317500893,2077938195,2377784839,2377784839,380323.87060140754,2077938195
80215,Hard,12926,31.10.2014,2016,31.12.2016,2340440149,1491300,85439221,257500937,4910677294,4910677294,379906.95451028936,257500937
80129,Vandans,2610,31.10.2016,2018,31.12.2018,788047507,0,0,788047507,990028258,990028258,379321.17164750956,788047507
80407,Göfis,2862,31.10.2001,2006,31.12.2006,1309504027,0,0,1309504027,1076187372,1084939321,379084.3190076869,1309504027
80419,Schnifis,791,31.10.2016,2018,31.12.2018,99070523,0,0,99070523,299714126,299714126,378905.3426042984,99070523
80202,Andelsbuch,2544,31.10.2017,2019,31.12.2019,457903492,0,0,457903492,1009679942,962534202,378354.6391509434,457903492
80238,Sulzberg,1815,31.10.2016,2018,31.12.2018,265559988,628500,703965,329113953,685200522,685200522,377520.94876033056,329113953
80129,Vandans,2585,31.10.2013,2015,31.12.2015,698024477,1401600,0,838184477,975716424,975716424,377453.16208897484,838184477
80115,Ludesch,3199,31.10.2008,2010,31.12.2010,1354567861,6584900,0,2013057861,1206233787,1206233787,377065.8915286027,2013057861
80220,Kennelbach,1940,31.10.2017,2019,31.12.2019,362398855,0,1190094,363588949,729106378,729106378,375828.0298969072,363588949
80116,Nenzing,6031,31.10.2014,2016,31.12.2016,1826961185,2531700,377389061,2457520246,2265564724,2265564724,375653.245564583,2457520246
80116,Nenzing,6162,31.10.2015,2017,31.12.2017,1703952157,2381900,340222437,2282364594,214026887,2313669918,375473.858812074,2282364594
80205,Bildstein,731,31.10.2001,2007,31.12.2007,88935353,945800,0,183515353,225048361,274417657,375400.3515731874,183515353
80204,Bezau,1988,31.10.2008,2010,31.12.2010,401914368,0,0,401914368,744867373,746107959,375305.8143863179,401914368
80418,Schlins,2291,31.10.2013,2015,31.12.2015,641590203,0,3370842,644961045,859536262,859536262,375179.5120034919,644961045
80215,Hard,13476,31.10.2017,2019,31.12.2019,3195035035,1092200,38205567,3342460602,5054497174,5054497174,375073.9962897002,3342460602
80229,Möggers,514,31.10.2016,2018,31.12.2018,160347008,0,0,160347008,192766835,192766835,375032.75291828794,160347008
80303,Lustenau,22092,31.10.2015,2017,31.12.2017,678384584,0,138460,679769184,8273344733,8273165167,374486.92590077856,679769184
80211,Egg ,3359,31.10.2008,2010,31.12.2010,345529877,1624100,818316,508758193,1129787325,1257585338,374392.77701696934,508758193
80231,Riefensberg,1090,31.10.2017,2019,31.12.2019,150468736,0,0,150468736,407802087,407802087,374130.3550458716,150468736
80210,Doren,1013,31.10.2012,2014,31.12.2014,31659502,4559400,4911427,492510929,378973423,378973423,374109.9930898322,492510929
80123,Silbertal,831,31.10.2013,2015,31.12.2015,410154693,0,0,410154693,295220544,310739519,373934.43922984356,410154693
80126,Thüringen,2134,31.10.2012,2014,31.12.2014,183092006,3342000,0,517292006,797691273,797691273,373800.97141518275,517292006
80118,Raggal,847,31.10.2014,2016,31.12.2016,33036418,1351400,956454,466460634,300896505,316590951,373779.1629279811,466460634
80233,Schoppernau,956,31.10.2016,2018,31.12.2018,241782313,0,0,241782313,355683007,355683007,372053.35460251046,241782313
80127,Thüringerberg,708,31.10.2016,2018,31.12.2018,162233628,814600,1032197,244725825,262589709,262750647,371116.7330508475,244725825
80117,Nüziders,4949,31.10.2017,2019,31.12.2019,519634528,4264200,0,946054528,1833764977,1833764977,370532.4261466963,946054528
80238,Sulzberg,1750,31.10.2011,2013,31.12.2013,190580374,1187200,0,309300374,647228064,647228064,369844.608,309300374
80102,Blons,337,31.10.2008,2009,31.12.2009,186428557,2608100,0,447238557,123766988,124612797,369770.9109792285,447238557
80211,Egg,3473,31.10.2014,2016,31.12.2016,253253355,5505500,1381285,80518464,1280338221,1280338221,368654.8289663115,80518464
80235,Schwarzach,3913,31.10.2016,2018,31.12.2018,443033175,1926400,0,635673175,1442129265,1442129265,368548.2404804498,635673175
80119,St. Anton i.M.,699,31.10.2001,2008,31.12.2008,168449101,0,0,168449101,257283186,257283186,368073.22746781114,168449101
80216,Hittisau,2019,31.10.2016,2018,31.12.2018,25181687,0,95831,26139997,742558337,742558337,367785.2090143635,26139997
80236,Schwarzenberg,1856,31.10.2017,2019,31.12.2019,101446949,1481100,0,249556949,682324479,682324479,367631.7235991379,249556949
80115,Ludesch,3394,31.10.2014,2016,31.12.2016,947013507,4964000,0,1443413507,1245452618,1245452618,366957.1649970536,1443413507
80123,Silbertal,883,31.10.2008,2009,31.12.2009,205902982,0,0,205902982,274496827,323675976,366563.95922989806,205902982
80120,St. Gallenkirch,2268,31.10.2001,2006,31.12.2006,964780785,0,49262159,1014042944,985738944,829641891,365803.30291005294,1014042944
80238,Sulzberg,1833,31.10.2017,2019,31.12.2019,298603146,503400,2970945,351914091,668577845,668577845,364745.1418439716,351914091
80303,Lustenau,22487,31.10.2016,2018,31.12.2018,6769146384,0,138460,6782992384,8194267616,8193280573,364356.3202294659,6782992384
80419,Schnifis,742,31.10.2008,2009,31.12.2009,144656347,0,1977296,146633643,270185268,270185268,364131.0889487871,146633643
80114,Lorüns,300,31.10.2008,2010,31.12.2010,85772017,0,0,85772017,109180537,109180537,363935.12333333335,85772017
80303,Lustenau,21896,31.10.2014,2016,31.12.2016,6535900275,0,33184803,6569085078,7965362666,7964318397,363733.94213554985,6569085078
80102,Blons,323,31.10.2011,2013,31.12.2013,167206056,2079100,2103758,377219814,110595743,117377411,363397.55727554177,377219814
80128,Tschagguns,2185,31.10.2017,2019,31.12.2019,889451602,1539500,385768,104378737,760767343,792687455,362786.02059496567,104378737
80102,Blons,337,31.10.2008,2010,31.12.2010,172889842,2569800,0,429869842,113675836,122141209,362436.82195845695,429869842
80229,Möggers,495,31.10.2013,2015,31.12.2015,116821029,0,0,116821029,179177919,179177919,361975.59393939393,116821029
80104,Bludesch,2277,31.10.2010,2012,31.12.2012,55545329,343200,25292922,615066212,822895922,822895922,361394.78348704433,615066212
80106,Bürs,3096,31.10.2011,2013,31.12.2013,4615300,8053600,60247401,1327137401,1117960418,1117960418,361098.3262273902,1327137401
80106,Bürs,3113,31.10.2009,2011,31.12.2011,553412642,2574200,88726171,899558813,1124098457,1124098457,361098.12303244456,899558813
80238,Sulzberg,1744,31.10.2013,2015,31.12.2015,228805883,996600,0,328465883,629522454,629522454,360964.7098623853,328465883
80407,Göfis,3150,31.10.2013,2015,31.12.2015,1252675008,0,0,1252675008,1136400608,1136400608,360762.09777777776,1252675008
80128,Tschagguns,2140,31.10.2013,2015,31.12.2015,805255221,2267800,0,1032035221,720697219,770702191,360141.2107476636,1032035221
80217,Höchst,7872,31.10.2015,2017,31.12.2017,174627293,2452200,0,199149293,2831411901,2831411901,359681.3898628049,199149293
80202,Andelsbuch,2487,31.10.2016,2018,31.12.2018,113655211,0,0,113655211,851986619,894354011,359611.58464012865,113655211
80409,Klaus,3090,31.10.2011,2013,31.12.2013,1212111837,2356400,5041014,1452792851,1109247376,1109247376,358979.73333333334,1452792851
80123,Silbertal,846,31.10.2014,2016,31.12.2016,384231431,0,1612872,385844303,275629981,303593741,358857.8498817967,385844303
80109,Fontanella,473,31.10.2001,2007,31.12.2007,188463796,0,0,188463796,137782488,168138469,355472.4503171247,188463796
80116,Nenzing,6007,31.10.2013,2015,31.12.2015,1723956378,2679000,386673872,237853025,2130336267,2130336267,354642.29515565175,237853025
80212,Eichenberg,379,31.10.2009,2011,31.12.2011,90489826,0,0,90489826,134149367,134149367,353956.1134564644,90489826
80128,Tschagguns,2209,31.10.2009,2011,31.12.2011,488006242,2867800,0,774786242,690166975,781221056,353653.7148030783,774786242
80110,Gaschurn,1651,31.10.2001,2007,31.12.2007,372023314,0,13436382,385459696,725117156,580917721,351858.0987280436,385459696
80233,Schoppernau,907,31.10.2008,2009,31.12.2009,10191315,2406300,0,34254315,318952728,318952728,351656.81146637263,34254315
80232,Schnepfau,448,31.10.2017,2019,31.12.2019,38255412,0,0,38255412,157402767,157402767,351345.4620535714,38255412
80106,Bürs,3039,31.10.2008,2009,31.12.2009,594574181,1920200,108232764,894826945,1067281007,1067281007,351194.803224745,894826945
80205,Bildstein,724,31.10.2013,2015,31.12.2015,317465557,0,0,317465557,24895568,254005192,350835.9005524862,317465557
80229,Möggers,533,31.10.2009,2011,31.12.2011,153373305,0,0,153373305,186911534,186911534,350678.30018761725,153373305
80302,Hohenems,13889,31.10.2001,2006,31.12.2006,3497621729,5920000,0,4089621729,4864781521,4864781521,350261.46742026065,4089621729
80125,Stallehr,299,31.10.2016,2018,31.12.2018,79719214,0,0,79719214,104666999,104666999,350056.85284280934,79719214
80407,Göfis,3282,31.10.2016,2018,31.12.2018,1504912741,0,0,1504912741,1138264518,1148708049,350002.45246800734,1504912741
80205,Bildstein,714,31.10.2009,2011,31.12.2011,228011542,643600,0,292371542,193512147,247616375,346801.6456582633,292371542
80418,Schlins,2241,31.10.2011,2013,31.12.2013,553956791,0,0,553956791,777056545,777056545,346745.44622936187,553956791
80233,Schoppernau,953,31.10.2017,2019,31.12.2019,203139071,0,0,203139071,329896561,329896561,346166.38090241345,203139071
80416,Röthis,1854,31.10.2014,2016,31.12.2016,185021667,0,0,185021667,641669098,641669098,346099.8371089536,185021667
80207,Bregenz,28313,31.10.2013,2015,31.12.2015,4389662481,12573600,94295827,5741318308,9788693452,9788693452,345731.41143644264,5741318308
80420,Sulz,2501,31.10.2014,2016,31.12.2016,429706419,0,44426393,474132812,855585372,864297687,345580.8424630148,474132812
80102,Blons,335,31.10.2001,2008,31.12.2008,200077491,2548200,0,454897491,115753108,115753108,345531.66567164176,454897491
80111,Innerbraz,975,31.10.2001,2008,31.12.2008,76351678,484000,288454,125040132,336065288,336065288,344682.3466666667,125040132
80421,Übersaxen,613,31.10.2009,2011,31.12.2011,144733462,915500,0,236283462,210862302,210862302,343984.1794453507,236283462
80129,Vandans,2634,31.10.2008,2010,31.12.2010,865114614,1833000,0,1048414614,904210479,904210479,343284.1605922551,1048414614
80106,Bürs,3212,31.10.2015,2017,31.12.2017,380746714,15163400,3534483,1900621197,1099635169,1099635169,342352.1696762142,1900621197
80225,Lingenau,1437,31.10.2016,2018,31.12.2018,636294701,0,357885,636652586,491650709,491650709,342136.88865692413,636652586
80411,Laterns,713,31.10.2008,2009,31.12.2009,175324545,0,15734524,191059069,243933237,243933237,342122.3520336606,191059069
80302,Hohenems,16334,31.10.2017,2019,31.12.2019,2403879982,14181900,41556,3822485542,5583916377,5583916377,341858.4778376393,3822485542
80225,Lingenau,1334,31.10.2012,2014,31.12.2014,45973021,4263700,10179139,896279349,455937485,455937485,341782.22263868066,896279349
80212,Eichenberg,397,31.10.2013,2015,31.12.2015,110027954,0,0,110027954,135572697,135572697,341492.9395465995,110027954
80204,Bezau,1986,31.10.2013,2015,31.12.2015,303605404,3541000,0,657705404,677360842,677360842,341067.8962739174,657705404
80418,Schlins,2377,31.10.2016,2018,31.12.2018,519268184,0,-543006,518725178,807060034,807060034,339528.8321413546,518725178
80121,St. Gerold,353,31.10.2008,2010,31.12.2010,239355242,365500,0,275905242,105567059,119834259,339473.82152974507,275905242
80129,Vandans,2634,31.10.2008,2009,31.12.2009,620218137,1747700,0,794988137,764063412,894039786,339422.8496583144,794988137
80406,Fraxern,659,31.10.2009,2011,31.12.2011,147617371,2303800,89803,378895401,212580311,223614378,339323.79059180577,378895401
80116,Nenzing,5652,31.10.2001,2007,31.12.2007,1605919976,0,568386114,217430609,1690948342,1915996469,338994.42126680823,217430609
80217,Höchst,7095,31.10.2001,2006,31.12.2006,2162967596,0,119923594,228289119,2403634659,2403634659,338778.6693446089,228289119
80303,Lustenau,22797,31.10.2017,2019,31.12.2019,6767785211,0,0,6767785211,7488135459,7717537909,338533.0486028863,6767785211
80108,Dalaas,1506,31.10.2011,2013,31.12.2013,436310638,371400,0,473450638,509355044,509355044,338217.16069057107,473450638
80126,Thüringen,2157,31.10.2010,2012,31.12.2012,229011302,5533400,0,782351302,729554164,729200704,338062.4496986555,782351302
80210,Doren,1032,31.10.2017,2019,31.12.2019,189732315,15155805,0,341290365,345768476,348846421,338029.4777131783,341290365
80103,Bludenz  ,14565,31.10.2017,2019,31.12.2019,2258082692,3572000,4277187,2658054562,4920080403,4920080403,337801.6067971164,2658054562
80224,Lauterach,9736,31.10.2014,2016,31.12.2016,1378525203,7103000,40270707,212909591,3280872246,3280872246,336983.5914133114,212909591
80222,Langen bei Bregenz,1337,31.10.2015,2017,31.12.2017,500000,0,0,500000,449704817,449704817,336353.6402393418,500000
80126,Thüringen,2269,31.10.2016,2018,31.12.2018,595461045,7521600,0,1347621045,762884246,762884246,336220.4698104892,1347621045
80123,Silbertal,835,31.10.2012,2014,31.12.2014,413434761,0,0,413434761,280224571,280224571,335598.2886227545,413434761
80215,Hard,12866,31.10.2013,2015,31.12.2015,1926281546,1622400,100984422,2189505968,4300738691,4300738691,334271.6221824965,2189505968
80417,Satteins ,2698,31.10.2017,2019,31.12.2019,60236894,2193900,0,279626894,901142905,901142905,334004.0418828762,279626894
80223,Langenegg,1086,31.10.2012,2014,31.12.2014,9058724,0,1170931,91758171,362470444,362470444,333766.5230202578,91758171
80238,Sulzberg,1741,31.10.2014,2016,31.12.2016,229122492,899000,1393605,320416097,580714015,580714015,333551.99023549684,320416097
80207,Bregenz,28069,31.10.2012,2014,31.12.2014,4284971169,13146300,126762589,5726363758,9354287132,9354287132,333260.43435818877,5726363758
80240,Wolfurt,8165,31.10.2012,2014,31.12.2014,91998808,0,0,91998808,2718968361,2718968361,333002.8611145132,91998808
80206,Bizau,1003,31.10.2012,2014,31.12.2014,7943326,0,0,7943326,333842636,333842636,332844.1036889332,7943326
80206,Bizau,960,31.10.2001,2007,31.12.2007,60350608,0,0,60350608,319387227,319387227,332695.028125,60350608
80126,Thüringen,2157,31.10.2011,2013,31.12.2013,207403505,1396000,0,347003505,716195101,715899958,331896.13259156235,347003505
80120,St. Gallenkirch,2268,31.10.2001,2008,31.12.2008,867552648,0,8116355,875669003,892713064,749559992,330493.82363315695,875669003
80407,Göfis,3205,31.10.2014,2016,31.12.2016,1315656995,0,0,1315656995,1058870664,1058870664,330380.8624024961,1315656995
80236,Schwarzenberg,1866,31.10.2016,2018,31.12.2018,691115,158796031,0,165707181,616297027,616297027,330277.0777063237,165707181
80417,Satteins ,2645,31.10.2016,2018,31.12.2018,16763785,2357800,0,252543785,873252976,873252976,330152.3538752363,252543785
80231,Riefensberg,1033,31.10.2014,2016,31.12.2016,53098787,0,0,53098787,340650081,340650081,329767.7454017425,53098787
80103,Bludenz  ,14357,31.10.2016,2018,31.12.2018,2402290617,4022600,29000323,283355094,4731885105,4731885105,329587.31663996656,283355094
80422,Viktorsberg,407,31.10.2016,2018,31.12.2018,4609893,0,0,4609893,134066727,134066727,329402.27764127764,4609893
80420,Sulz,2524,31.10.2015,2017,31.12.2017,526090828,0,34624501,560715329,814731477,829859236,328787.3359746434,560715329
80217,Höchst,7095,31.10.2001,2008,31.12.2008,226265545,4370000,59957325,2759612775,2332534545,2332534545,328757.511627907,2759612775
80225,Lingenau,1334,31.10.2010,2012,31.12.2012,530077219,4515800,21139208,1002796427,437242398,437242398,327767.9145427286,1002796427
80114,Lorüns,265,31.10.2001,2006,31.12.2006,75917955,0,24022475,9994043,86816916,86816916,327611.0037735849,9994043
80422,Viktorsberg,383,31.10.2008,2010,31.12.2010,40658596,0,0,40658596,125224397,125224397,326956.6501305483,40658596
80222,Langen b.Breg.,1299,31.10.2001,2006,31.12.2006,20912543,0,0,20912543,424157187,424157187,326525.93302540417,20912543
80108,Dalaas,1548,31.10.2001,2007,31.12.2007,60605392,714300,5154861,682638781,505199751,505199751,326356.4282945736,682638781
80303,Lustenau,21146,31.10.2010,2012,31.12.2012,6150880207,0,206198064,6357078271,6896510504,6895568214,326093.26652794855,6357078271
80406,Fraxern,702,31.10.2017,2019,31.12.2019,414290224,0,0,414290224,21182461,228906477,326077.60256410256,414290224
80422,Viktorsberg,408,31.10.2017,2019,31.12.2019,3183188,0,0,3183188,132956768,132956768,325874.43137254904,3183188
80230,Reuthe,605,31.10.2013,2015,31.12.2015,12760373,319800,0,44740373,197149875,197149875,325867.5619834711,44740373
80116,Nenzing,5986,31.10.2011,2013,31.12.2013,1445974673,2957800,433500126,2175254799,1948234794,1948234794,325465.21784163045,2175254799
80215,Hard,12795,31.10.2012,2014,31.12.2014,1658566418,1750600,9448757,1928113988,4163374239,4163374239,325390.7181711606,1928113988
80406,Fraxern,669,31.10.2010,2012,31.12.2012,140431355,2142600,715818,355407173,20143817,217479368,325081.2675635276,355407173
80226,Lochau,5778,31.10.2016,2018,31.12.2018,995581992,0,8294116,1003876108,1875424133,1875424133,324580.154551748,1003876108
80231,Riefensberg,1014,31.10.2013,2015,31.12.2015,46940313,0,0,46940313,329044173,329044173,324501.15680473374,46940313
80108,Dalaas,1590,31.10.2017,2019,31.12.2019,263283046,0,0,263283046,514874645,514874645,323820.5314465409,263283046
80303,Lustenau,21181,31.10.2011,2013,31.12.2013,6174426817,0,157672465,6332099282,6853926012,6852397091,323516.2216609225,6332099282
80111,Innerbraz,983,31.10.2017,2019,31.12.2019,92658944,0,0,92658944,317346306,317346306,322834.492370295,92658944
80127,Thüringerberg,667,31.10.2009,2011,31.12.2011,57454656,1389600,0,196414656,215186401,215186401,322618.2923538231,196414656
80103,Bludenz,14106,31.10.2015,2017,31.12.2017,2481356852,4456700,39616133,2966642985,4548948198,4548948198,322483.21267545724,2966642985
80224,Lauterach,10002,31.10.2015,2017,31.12.2017,1350098728,10209200,51998336,2423017064,3223504524,3223504524,322285.9952009598,2423017064
80119,St. Anton i.M.,705,31.10.2010,2012,31.12.2012,201512043,0,0,201512043,227175266,227175266,322234.419858156,201512043
80214,Gaißau,1802,31.10.2016,2018,31.12.2018,193938084,0,6501618,200439702,580382805,580382805,322077.0283018868,200439702
80225,Lingenau,1326,31.10.2011,2013,31.12.2013,495007609,4306500,15681414,941339023,426221889,426221889,321434.30542986427,941339023
80118,Raggal,853,31.10.2008,2009,31.12.2009,157834968,1917000,1145695,360991918,274177783,274177783,321427.64712778426,360991918
80303,Lustenau,20834,31.10.2008,2010,31.12.2010,5757033619,0,297492612,6054526231,6690078435,6689539377,321087.61529231066,6054526231
80303,Lustenau,19707,31.10.2001,2007,31.12.2007,4915989962,0,416736917,5332726879,6327187643,6324319335,320917.40675901965,5332726879
80420,Sulz,2406,31.10.2012,2014,31.12.2014,373465527,0,80920615,454386142,731329176,771318631,320581.30964256026,454386142
80231,Riefensberg,971,31.10.2001,2008,31.12.2008,71317571,0,0,71317571,311014098,311014098,320302.8815653965,71317571
80231,Riefensberg,1073,31.10.2016,2018,31.12.2018,75015786,0,0,75015786,343214573,343214573,319864.46691519103,75015786
80217,Höchst,7925,31.10.2016,2018,31.12.2018,1594610276,2233800,0,1817990276,2533600961,2533600961,319697.2821451104,1817990276
80240,Wolfurt,8124,31.10.2008,2009,31.12.2009,186956175,0,0,186956175,2593163374,2593163374,319197.85499753815,186956175
80414,Rankweil,11864,31.10.2016,2018,31.12.2018,1159859281,0,300721,1160160002,3786604557,3786604557,319167.6126938638,1160160002
80303,Lustenau,20834,31.10.2008,2009,31.12.2009,5150739145,0,339651924,5490391069,6644520372,6644195808,318911.193625804,5490391069
80227,Mellau,1299,31.10.2009,2011,31.12.2011,186720271,796400,0,266360271,414219073,414219073,318875.34488067747,266360271
80401,Altach,5703,31.10.2001,2006,31.12.2006,1326833292,0,0,1326833292,1819216893,1816591637,318532.6384359109,1326833292
80416,Röthis,1948,31.10.2017,2019,31.12.2019,124279688,0,0,124279688,619575247,619575247,318057.10831622174,124279688
80127,Thüringerberg,682,31.10.2014,2016,31.12.2016,101842284,986200,0,200462284,216794284,216794284,317880.1818181818,200462284
80411,Laterns,734,31.10.2001,2008,31.12.2008,193563328,0,22269254,215832582,233212092,233212092,317727.64577656676,215832582
80122,Schruns,3712,31.10.2001,2007,31.12.2007,1054053351,0,4133505,1058186856,1109022279,1178858584,317580.4375,1058186856
80415,Röns,307,31.10.2008,2009,31.12.2009,6431178,0,0,6431178,97247644,97247644,316767.5700325733,6431178
80238,Sulzberg,1761,31.10.2012,2014,31.12.2014,230934355,1076700,0,338604355,557704942,557704942,316697.86598523566,338604355
80216,Hittisau,2042,31.10.2017,2019,31.12.2019,24427403,0,736742,25164145,646456428,646456428,316580.0333006856,25164145
80101,Bartholomäberg,2263,31.10.2008,2009,31.12.2009,403787944,0,321800996,72558894,691842966,716163552,316466.43923994695,72558894
80212,Eichenberg,396,31.10.2012,2014,31.12.2014,95811796,0,0,95811796,116149035,125281063,316366.3207070707,95811796
80204,Bezau,1973,31.10.2009,2011,31.12.2011,336503534,300000,0,366503534,623937028,623937028,316237.7232640649,366503534
80103,Bludenz  ,13847,31.10.2013,2015,31.12.2015,2354211532,5667900,50274678,297127621,4376728205,4376728205,316077.72116703977,297127621
80224,Lauterach,10200,31.10.2016,2018,31.12.2018,12650751,111244907,45024772,2422548942,3223525631,3223525631,316031.92460784316,2422548942
80212,Eichenberg,384,31.10.2008,2010,31.12.2010,79511974,0,0,79511974,105000317,121181313,315576.3359375,79511974
80402,Düns,385,31.10.2001,2008,31.12.2008,63683632,0,8954289,72637921,121468393,121468393,315502.3194805195,72637921
80417,Satteins,2546,31.10.2015,2017,31.12.2017,62022022,2516400,0,313662022,802957791,802957791,315380.1221523959,313662022
80122,Schruns,3712,31.10.2001,2006,31.12.2006,1098277465,0,9297357,1107574822,1120663933,1169034121,314933.7610452586,1107574822
80409,Klaus,3147,31.10.2016,2018,31.12.2018,142328453,416900,0,146497453,989099163,989099163,314299.06673021923,146497453
80108,Dalaas,1549,31.10.2014,2016,31.12.2016,348792846,200000,0,368792846,486063653,486063653,313791.8999354422,368792846
80104,Bludesch,2358,31.10.2015,2017,31.12.2017,436953245,0,5900371,442853616,739754958,739754958,313721.3562340967,442853616
80205,Bildstein,731,31.10.2001,2006,31.12.2006,94234763,997700,0,194004763,181985712,228656849,312800.0670314637,194004763
80302,Hohenems,16078,31.10.2016,2018,31.12.2018,1987005707,14462800,0,3433285707,5029053598,5029053598,312790.9937803209,3433285707
80207,Bregenz,26747,31.10.2001,2007,31.12.2007,3981485611,19186100,350580085,6250675696,8366214554,8366214554,312790.76359965606,6250675696
80125,Stallehr,277,31.10.2010,2012,31.12.2012,147892298,0,0,147892298,86541813,86541813,312425.31768953067,147892298
80121,St. Gerold,385,31.10.2001,2006,31.12.2006,294258756,0,0,294258756,116946415,120236643,312302.96883116884,294258756
80207,Bregenz,27768,31.10.2010,2012,31.12.2012,4266112572,15826400,222728607,6071481179,8666540156,8666540156,312105.30668395275,6071481179
80404,Feldkirch,31379,31.10.2013,2015,31.12.2015,4212290805,16915600,132020,5917052805,9780110981,9780110981,311676.9489467478,5917052805
80303,Lustenau,21355,31.10.2012,2014,31.12.2014,6448524397,0,107698747,6556223144,6649967618,6647998966,311308.7785530321,6556223144
80414,Rankweil,11848,31.10.2017,2019,31.12.2019,1034297366,0,1803435,1036100801,3687463045,3687463045,311230.84444632,1036100801
80106,Bürs,3115,31.10.2001,2006,31.12.2006,650019413,2200400,99464257,96952367,969397185,969397185,311202.94863563403,96952367
80303,Lustenau,19707,31.10.2001,2008,31.12.2008,5165538115,0,38129713,5546835245,6133721347,6130125972,311063.3770741361,5546835245
80223,Langenegg,1068,31.10.2011,2013,31.12.2013,126765366,0,1483039,128248405,332041228,332041228,310900.02621722844,128248405
80204,Bezau,1967,31.10.2012,2014,31.12.2014,310345736,4018200,0,712165736,665364789,610830645,310539.21962379257,712165736
80212,Eichenberg,385,31.10.2011,2013,31.12.2013,103609937,0,0,103609937,119524136,119524136,310452.3012987013,103609937
80222,Langen b.Breg.,1421,31.10.2016,2018,31.12.2018,917537,0,0,917537,439603521,439603521,309362.0837438424,917537
80118,Raggal,818,31.10.2012,2014,31.12.2014,375639075,1660200,166095,543320025,252802699,252802699,309049.7542787286,543320025
80106,Bürs,3103,31.10.2010,2012,31.12.2012,511164341,4320400,74490608,1017694949,958944088,958944088,309037.7338059942,1017694949
80409,Klaus,3142,31.10.2017,2019,31.12.2019,1371696187,0,-165984,1371530203,970721433,970721433,308950.16963717376,1371530203
80219,Hohenweiler,1292,31.10.2016,2018,31.12.2018,16031114,0,0,16031114,29930686,399055009,308866.1060371517,16031114
80206,Bizau,1001,31.10.2011,2013,31.12.2013,1229116,0,0,1229116,309032295,309032295,308723.5714285714,1229116
80408,Götzis,11436,31.10.2017,2019,31.12.2019,2687201594,5853300,0,3272531594,3530153783,3530153783,308687.80893669114,3272531594
80240,Wolfurt,8205,31.10.2013,2015,31.12.2015,46787281,0,0,46787281,2531749296,2531749296,308561.76672760514,46787281
80222,Langen b.Breg.,1334,31.10.2014,2016,31.12.2016,0,0,0,0,411414929,411414929,308406.9932533733,0
80204,Bezau,1967,31.10.2011,2013,31.12.2013,347624954,4642100,0,811834954,588326117,606475749,308325.24097610574,811834954
80116,Nenzing,5652,31.10.2001,2008,31.12.2008,1853644447,0,522699305,2376343752,1741500832,1741500832,308121.1663128096,2376343752
80114,Lorüns,265,31.10.2001,2008,31.12.2008,52553251,0,12010341,64563592,81475758,81475758,307455.6905660377,64563592
80211,Egg ,3383,31.10.2009,2011,31.12.2011,338382117,5802700,110123,919753347,1038696413,1038696413,307034.11557788943,919753347
80415,Röns,326,31.10.2015,2017,31.12.2017,156571524,1435300,0,300101524,100013056,100013056,306788.5153374233,300101524
80121,St. Gerold,385,31.10.2001,2007,31.12.2007,264251433,0,0,264251433,112523592,118022675,306552.4025974026,264251433
80216,Hittisau,1801,31.10.2001,2008,31.12.2008,81106414,0,0,81106414,551972585,551972585,306481.1687951138,81106414
80421,Übersaxen,567,31.10.2001,2006,31.12.2006,122963971,936100,6694183,223268154,173706027,173706027,306359.835978836,223268154
80104,Bludesch,2256,31.10.2013,2015,31.12.2015,461083329,0,13188135,474271464,690480063,690480063,306063.857712766,474271464
80225,Lingenau,1372,31.10.2014,2016,31.12.2016,42055772,4003000,618165,821475885,419645322,419645322,305863.93731778424,821475885
80211,Egg ,3433,31.10.2013,2015,31.12.2015,276703326,6029800,1939846,881623172,1049857446,1049857446,305813.4127585202,881623172
80238,Sulzberg,1774,31.10.2015,2017,31.12.2017,214702756,776300,1046985,293379741,542439461,542439461,305771.9622322435,293379741
80118,Raggal,839,31.10.2013,2015,31.12.2015,351983053,1508500,1308702,504141755,256369958,256369958,305566.10011918953,504141755
80409,Klaus,3096,31.10.2014,2016,31.12.2016,1559716049,1204100,128936,1680254985,944820064,944820064,305174.43927648576,1680254985
80233,Schoppernau,937,31.10.2013,2015,31.12.2015,54037295,1416300,0,195667295,285646051,285646051,304851.7086446105,195667295
80407,Göfis,2862,31.10.2001,2007,31.12.2007,1476483184,0,0,1476483184,871513072,871513072,304511.90496156533,1476483184
80303,Lustenau,19707,31.10.2001,2006,31.12.2006,4721772989,0,54302339,5264796379,6002781695,6000257245,304473.39752372255,5264796379
80213,Fußach,3828,31.10.2016,2018,31.12.2018,250194313,5326600,0,782854313,1165167622,1165167622,304380.2565308255,782854313
80106,Bürs,3098,31.10.2013,2015,31.12.2015,404851256,13246400,35593172,1765084428,1016592496,942602024,304261.4667527437,1765084428
80409,Klaus,3076,31.10.2010,2012,31.12.2012,858796433,3009200,6954016,1166670449,935708638,935708638,304196.56631989597,1166670449
80207,Bregenz,27300,31.10.2008,2010,31.12.2010,4069509279,17320100,230944658,6032463937,8302859978,8302859978,304134.0651282051,6032463937
80203,Au,1728,31.10.2016,2018,31.12.2018,16643266,941500,0,110793266,525375484,525375484,304036.7384259259,110793266
80212,Eichenberg,384,31.10.2001,2007,31.12.2007,79220733,0,0,79220733,116321425,116588384,303615.5833333333,79220733
80206,Bizau,960,31.10.2001,2006,31.12.2006,141379488,0,0,141379488,291416933,291416933,303559.30520833336,141379488
80213,Fußach,3864,31.10.2017,2019,31.12.2019,226810929,4631600,0,689970929,1172877039,1172877039,303539.60636645963,689970929
80221,Krumbach,991,31.10.2016,2018,31.12.2018,182642335,0,645364,183287699,300768331,300768331,303499.8294651867,183287699
80125,Stallehr,278,31.10.2011,2013,31.12.2013,132589009,0,0,132589009,84347196,84347196,303407.1798561151,132589009
80236,Schwarzenberg,1801,31.10.2010,2012,31.12.2012,4078294,0,0,4078294,546309242,546309242,303336.61410327593,4078294
80220,Kennelbach,1889,31.10.2015,2017,31.12.2017,155070977,0,2769534,157840511,572871259,572871259,303266.944944415,157840511
80127,Thüringerberg,683,31.10.2008,2010,31.12.2010,34509583,1467400,0,181249583,206356288,206356288,302132.19326500734,181249583
80424,Zwischenwasser ,3108,31.10.2013,2015,31.12.2015,568535535,1100200,0,678555535,927691856,938146647,301848.9855212355,678555535
80229,Möggers,516,31.10.2011,2013,31.12.2013,142757198,0,0,142757198,155476112,155476112,301310.2945736434,142757198
80303,Lustenau,21001,31.10.2009,2011,31.12.2011,5832160109,0,252637201,608479731,6331533721,6322522331,301058.15584972146,608479731
80414,Rankweil,11562,31.10.2009,2011,31.12.2011,1028529777,4600100,0,1488539777,3479535911,3479535911,300945.8494205155,1488539777
80230,Reuthe,645,31.10.2015,2017,31.12.2017,7364681,229700,0,30334681,194105177,194105177,300938.2589147287,30334681
80221,Krumbach,977,31.10.2015,2017,31.12.2017,220628458,0,1622151,222250609,293848361,293848361,300765.97850562946,222250609
80103,Bludenz  ,13751,31.10.2012,2014,31.12.2014,2245169869,5900200,58598567,2893788436,4135302502,4135302502,300727.4017889608,2893788436
80204,Bezau,2004,31.10.2014,2016,31.12.2016,266620332,3676600,0,634280332,601945453,601945453,300371.98253493017,634280332
80421,Übersaxen,613,31.10.2008,2010,31.12.2010,151613135,959300,0,247543135,183839808,183839808,299901.8075040783,247543135
80118,Raggal,863,31.10.2001,2006,31.12.2006,115407624,1659700,2284608,304223704,258526503,258526503,299567.2108922364,304223704
80233,Schoppernau,917,31.10.2010,2012,31.12.2012,70294828,1911300,0,261424828,274307254,274307254,299135.50054525625,261424828
80414,Rankweil,11562,31.10.2008,2010,31.12.2010,974425935,4901500,0,1464575935,3457365271,3457365271,299028.30574295105,1464575935
80404,Feldkirch,30943,31.10.2011,2013,31.12.2013,362501141,19461800,103685332,5674876742,9251447808,9251447808,298983.54419416346,5674876742
80407,Göfis,3095,31.10.2012,2014,31.12.2014,1119177347,0,0,1119177347,919274982,924450313,298691.53893376415,1119177347
80210,Doren,1008,31.10.2013,2015,31.12.2015,26755289,4068000,342957,433898246,284875994,300948408,298559.9285714286,433898246
80125,Stallehr,284,31.10.2015,2017,31.12.2017,90406301,0,0,90406301,84735023,84735023,298362.7570422535,90406301
80115,Ludesch,2804,31.10.2001,2008,31.12.2008,1130572044,5876100,2349853,1720531897,816733043,836147348,298198.05563480745,1720531897
80207,Bregenz,27300,31.10.2008,2009,31.12.2009,388850193,17383600,282154816,5909016746,8139218539,8139218539,298139.8732234432,5909016746
80210,Doren,1035,31.10.2009,2011,31.12.2011,44544458,2251100,182838,287938258,3053981,308568249,298133.5739130435,287938258
80402,Düns,379,31.10.2008,2010,31.12.2010,58543295,0,2920755,6146405,112870406,112870406,297811.0976253298,6146405
80204,Bezau,2017,31.10.2016,2018,31.12.2018,195138098,3012800,0,496418098,600568307,600568307,297753.2508676252,496418098
80406,Fraxern,650,31.10.2008,2010,31.12.2010,136199235,2426300,1074531,379903766,176019084,193535298,297746.6123076923,379903766
80230,Reuthe,613,31.10.2008,2009,31.12.2009,29904707,0,0,29904707,182470619,182470619,297668.220228385,29904707
80205,Bildstein,729,31.10.2015,2017,31.12.2017,309598205,0,0,309598205,216979456,216979456,297639.8573388203,309598205
80409,Klaus,3110,31.10.2015,2017,31.12.2017,15088093,796600,32224,1588501524,923682762,923682762,297004.1035369775,1588501524
80123,Silbertal,873,31.10.2001,2007,31.12.2007,198060019,0,0,198060019,259095256,259095256,296787.2348224513,198060019
80229,Möggers,541,31.10.2008,2009,31.12.2009,126703425,0,8570852,135274277,160341388,160341388,296379.6451016636,135274277
80204,Bezau,1958,31.10.2010,2012,31.12.2012,308127709,3013500,0,609477709,575848176,580164491,296304.6430030643,609477709
80414,Rankweil,11738,31.10.2013,2015,31.12.2015,106788564,2553000,12132,132330696,3477973531,3477973531,296300.3519338899,132330696
80215,Hard,12619,31.10.2011,2013,31.12.2013,1195666631,1875900,108927303,1492183934,3731972277,3731972277,295742.315318171,1492183934
80415,Röns,348,31.10.2016,2018,31.12.2018,14726518,1305400,0,27780518,102887282,102887282,295653.1091954023,27780518
80408,Götzis,11016,31.10.2014,2016,31.12.2016,2788307761,7191400,0,3507447761,3256742095,3256742095,295637.4450798838,3507447761
80236,Schwarzenberg,1858,31.10.2015,2017,31.12.2017,7544848,1693400,0,176884848,548432072,548432072,295173.3433799785,176884848
80303,Lustenau,21645,31.10.2013,2015,31.12.2015,5997622298,0,66090138,6063712436,6334241979,6382323553,294863.64301224303,6063712436
80115,Ludesch,3199,31.10.2008,2009,31.12.2009,1300623635,5913100,0,1891933635,943168381,943168381,294832.2541419194,1891933635
80407,Göfis,3305,31.10.2017,2019,31.12.2019,1377552738,0,0,1377552738,973722581,973722581,294621.0532526475,1377552738
80420,Sulz,2464,31.10.2013,2015,31.12.2015,385264203,0,60478666,445742869,706026419,725515994,294446.42613636365,445742869
80229,Möggers,561,31.10.2001,2008,31.12.2008,118616186,0,14272295,132888481,164874705,164874705,293894.30481283425,132888481
80236,Schwarzenberg,1836,31.10.2014,2016,31.12.2016,8361808,1797800,0,188141808,539355518,539355518,293766.6220043573,188141808
80237,Sibratsgfäll,405,31.10.2017,2019,31.12.2019,27393265,0,0,27393265,118871493,118871493,293509.85925925925,27393265
80211,Egg ,3359,31.10.2001,2008,31.12.2008,308346546,3873400,2293634,69798018,985599491,985599491,293420.509377791,69798018
80215,Hard,12511,31.10.2010,2012,31.12.2012,1042935043,2000000,122701725,1365636768,3666393456,3666393456,293053.5893213972,1365636768
80224,Lauterach,9610,31.10.2013,2015,31.12.2015,1232375086,4590600,46910362,1738345448,2813063582,2813063582,292722.53714880336,1738345448
80406,Fraxern,650,31.10.2008,2009,31.12.2009,133551154,1951100,1246771,329907925,156173571,190106428,292471.4276923077,329907925
80411,Laterns,734,31.10.2001,2006,31.12.2006,214617782,0,28449698,24306748,214641062,214641062,292426.51498637605,24306748
80101,Bartholomäberg,2351,31.10.2016,2018,31.12.2018,280870941,0,170365867,451236808,687342041,687342041,292361.5657167163,451236808
80401,Altach,6374,31.10.2013,2015,31.12.2015,1588741696,0,0,1588741696,1868706295,1863193863,292311.5567932225,1588741696
80223,Langenegg,1059,31.10.2010,2012,31.12.2012,149933108,0,1717766,151650874,309545346,309545346,292299.6657223796,151650874
80402,Düns,393,31.10.2010,2012,31.12.2012,49662213,0,0,49662213,111364489,114842278,292219.5368956743,49662213
80119,St. Anton i.M.,701,31.10.2009,2011,31.12.2011,200525547,0,0,200525547,204799959,204799959,292154.00713266764,200525547
80129,Vandans,2572,31.10.2011,2013,31.12.2013,749397778,1577200,0,907117778,737631753,751082376,292022.6967340591,907117778
80401,Altach,6315,31.10.2008,2010,31.12.2010,1725164076,0,0,1725164076,1843608908,1843116386,291863.24402216944,1725164076
80221,Krumbach,1022,31.10.2017,2019,31.12.2019,172211612,0,67100,178921612,298230072,298230072,291810.2465753425,178921612
80108,Dalaas,1548,31.10.2001,2006,31.12.2006,578741659,771400,8394473,664276132,451346551,451346551,291567.53940568474,664276132
80414,Rankweil,11760,31.10.2015,2017,31.12.2017,1329399066,0,701675,1330100741,3427400429,3427400429,291445.61471088434,1330100741
80422,Viktorsberg,385,31.10.2014,2016,31.12.2016,10171721,0,0,10171721,112200958,112200958,291431.0597402597,10171721
80231,Riefensberg,1010,31.10.2012,2014,31.12.2014,7975603,0,0,7975603,293178768,293178768,290276.0079207921,7975603
80216,Hittisau,1833,31.10.2013,2015,31.12.2015,26282733,0,793703,27076436,531183342,531183342,289789.0572831424,27076436
80101,Bartholomäberg,2362,31.10.2017,2019,31.12.2019,245672298,0,129397684,375069982,683491043,684350917,289733.66511430993,375069982
80203,Au,1744,31.10.2017,2019,31.12.2019,9169306,732100,0,82379306,505168542,505168542,289660.8612385321,82379306
80408,Götzis,10989,31.10.2013,2015,31.12.2015,2615430829,7314900,0,3346920829,3182715288,3182715288,289627.3808353808,3346920829
80422,Viktorsberg,384,31.10.2012,2014,31.12.2014,14567674,0,0,14567674,111123627,111123627,289384.4453125,14567674
80423,Weiler,2110,31.10.2015,2017,31.12.2017,38576843,432900,0,42905843,610579753,610579753,289374.290521327,42905843
80236,Schwarzenberg,1847,31.10.2013,2015,31.12.2015,9356669,1901200,0,199476669,534207339,534207339,289229.74499187875,199476669
80214,Gaißau,1819,31.10.2017,2019,31.12.2019,172569431,0,0,172569431,525195335,525195335,288727.5068719076,172569431
80203,Au,1643,31.10.2001,2008,31.12.2008,100862886,1000000,0,200862886,474236042,474236042,288640.31771150336,200862886
80236,Schwarzenberg,1809,31.10.2012,2014,31.12.2014,19641938,2003600,0,220001938,521430049,521430049,288242.14980652294,220001938
80405,Frastanz,6434,31.10.2016,2018,31.12.2018,346802778,3215900,19682263,688075041,1854508445,1854508445,288235.6924152938,688075041
80401,Altach,6614,31.10.2017,2019,31.12.2019,1027917062,0,0,1027917062,1902480054,1902480054,287644.3988509223,1027917062
80421,Übersaxen,567,31.10.2001,2007,31.12.2007,118318128,887600,4880951,211959079,163083441,163083441,287625.11640211643,211959079
80201,Alberschwende,3247,31.10.2017,2019,31.12.2019,304556122,10892100,65506,1394421182,933385893,933385893,287461.0080073914,1394421182
80409,Klaus,3088,31.10.2008,2010,31.12.2010,705526315,4654500,349718,1171326033,887543552,887543552,287416.95336787566,1171326033
80404,Feldkirch,33279,31.10.2017,2019,31.12.2019,4351400853,11898500,0,5541250853,9554256084,9554256084,287095.6484269359,5541250853
80237,Sibratsgfäll,396,31.10.2016,2018,31.12.2018,30471209,0,0,30471209,113654571,113654571,287006.49242424243,30471209
80103,Bludenz  ,13718,31.10.2010,2012,31.12.2012,2216734177,6887300,26871457,2932335634,3936272167,3936272167,286942.1320163289,2932335634
80204,Bezau,2009,31.10.2017,2019,31.12.2019,160458031,2801400,0,440598031,576189505,576189505,286804.1338974614,440598031
80236,Schwarzenberg,1806,31.10.2011,2013,31.12.2013,30232485,2101700,0,240402485,517494764,517494764,286541.95127353264,240402485
80416,Röthis,1902,31.10.2015,2017,31.12.2017,158614952,0,0,158614952,544023869,544023869,286027.270767613,158614952
80129,Vandans,2595,31.10.2014,2016,31.12.2016,646714331,1215600,0,768274331,741989657,741989657,285930.5036608863,768274331
80407,Göfis,3058,31.10.2011,2013,31.12.2013,1045009382,0,0,1045009382,819409032,874257934,285892.06474820146,1045009382
80221,Krumbach,974,31.10.2012,2014,31.12.2014,236281841,0,105769,237339531,278354345,278354345,285784.74845995894,237339531
80418,Schlins,2331,31.10.2015,2017,31.12.2017,488351839,0,76161,489113449,666160895,666160895,285783.30973830976,489113449
80111,Innerbraz,940,31.10.2013,2015,31.12.2015,26098614,184200,29468,44548082,268499707,268499707,285637.98617021274,44548082
80417,Satteins ,2539,31.10.2011,2013,31.12.2013,2332913,3100200,0,5433113,724585947,724585947,285382.41315478535,5433113
80216,Hittisau,1801,31.10.2001,2007,31.12.2007,102727224,0,0,102727224,513731647,513731647,285247.99944475293,102727224
80220,Kennelbach,1867,31.10.2009,2011,31.12.2011,248502802,0,12032195,260534997,531843954,531843954,284865.53508302086,260534997
80408,Götzis,11490,31.10.2016,2018,31.12.2018,2618466488,6213300,0,3239796488,3272794793,3272794793,284838.5372497824,3239796488
80223,Langenegg,1052,31.10.2008,2009,31.12.2009,20795239,0,0,20795239,299607084,299607084,284797.608365019,20795239
80127,Thüringerberg,683,31.10.2008,2009,31.12.2009,41242666,0,0,41242666,194224726,194224726,284370.0234260615,41242666
80423,Weiler,2098,31.10.2016,2018,31.12.2018,394631529,359800,0,430611529,596066348,596066348,284111.7006673022,430611529
80201,Alberschwende,3080,31.10.2008,2009,31.12.2009,286064005,10116800,29484772,1327228777,872916035,872553367,283296.54772727273,1327228777
80206,Bizau,1086,31.10.2017,2019,31.12.2019,59652151,0,0,59652151,307332037,307332037,282994.5092081031,59652151
80111,Innerbraz,936,31.10.2011,2013,31.12.2013,63132635,316800,1140149,95952784,264859605,264859605,282969.66346153844,95952784
80216,Hittisau,1929,31.10.2015,2017,31.12.2017,2567289,0,994332,26667222,545406279,545406279,282740.4245723173,26667222
80401,Altach,6451,31.10.2015,2017,31.12.2017,1291914196,0,0,1291914196,1820661384,1820661384,282229.3263059991,1291914196
80401,Altach,6349,31.10.2009,2011,31.12.2011,1774707254,0,0,1774707254,1801303381,1790658385,282037.8618680107,1774707254
80424,Zwischenwasser ,3171,31.10.2016,2018,31.12.2018,601413402,829900,0,684403402,894113347,894113347,281965.7354146957,684403402
80115,Ludesch,3361,31.10.2013,2015,31.12.2015,982370723,5347600,0,1517130723,946375767,946375767,281575.65218684915,1517130723
80129,Vandans,2638,31.10.2001,2008,31.12.2008,563345557,1817700,0,745115557,699127278,740486493,280699.9594389689,745115557
80404,Feldkirch,30651,31.10.2009,2011,31.12.2011,3627476643,19500000,24487265,5822349293,8599776532,8599776532,280570.8307069916,5822349293
80104,Bludesch,2215,31.10.2012,2014,31.12.2014,430731053,226700,16880184,470281237,621284493,621284493,280489.6130925508,470281237
80423,Weiler,2060,31.10.2013,2015,31.12.2015,448708437,577400,0,506448437,577515428,577515428,280347.29514563107,506448437
80302,Hohenems,15878,31.10.2015,2017,31.12.2017,1737831277,15348200,0,3272651277,4447514139,4447514139,280105.43764957803,3272651277
80213,Fußach,3818,31.10.2015,2017,31.12.2017,273603126,539703263,0,813306389,1069244536,1069244536,280053.57150340494,813306389
80129,Vandans,2607,31.10.2009,2011,31.12.2011,796422534,1778800,0,974302534,657785315,729721649,279908.5726889145,974302534
80424,Zwischenwasser ,3105,31.10.2011,2013,31.12.2013,345901536,1199300,0,465831536,868952695,868952695,279855.94041867956,465831536
80408,Götzis,10095,31.10.2001,2008,31.12.2008,1809237447,3443100,3228337,2185830817,2824853471,2824853471,279826.99068845966,2185830817
80221,Krumbach,987,31.10.2013,2015,31.12.2015,219130826,0,793743,219924569,276005734,276005734,279641.0678824721,219924569
80237,Sibratsgfäll,385,31.10.2008,2009,31.12.2009,13844661,0,2961848,16806509,104550296,107547362,279343.7974025974,16806509
80404,Feldkirch,30904,31.10.2010,2012,31.12.2012,3322371936,20731100,175161132,5570643068,8628602781,8628602781,279206.6651889723,5570643068
80129,Vandans,2579,31.10.2012,2014,31.12.2014,692875682,1437500,0,836625682,693851097,719306867,278909.215587437,836625682
80401,Altach,6421,31.10.2014,2016,31.12.2016,1439530473,0,0,1439530473,1790953182,1789442649,278685.9755489799,1439530473
80204,Bezau,2026,31.10.2015,2017,31.12.2017,229590066,3222300,0,551820066,564534856,564534856,278645.04244817374,551820066
80422,Viktorsberg,378,31.10.2001,2007,31.12.2007,44278195,0,18355607,62633802,105208486,105208486,278329.32804232807,62633802
80115,Ludesch,3452,31.10.2016,2018,31.12.2018,802653008,3971300,0,1199783008,960532303,960532303,278253.8537079954,1199783008
80417,Satteins ,2435,31.10.2001,2008,31.12.2008,11565834,0,0,11565834,677325999,677325999,278162.62792607804,11565834
80225,Lingenau,1328,31.10.2001,2008,31.12.2008,585580279,4509000,41590881,107807116,369179558,369179558,277996.6551204819,107807116
80406,Fraxern,674,31.10.2001,2008,31.12.2008,158613937,2069500,0,365563937,187086371,187086371,277576.2181008902,365563937
80411,Laterns,734,31.10.2001,2007,31.12.2007,196225286,0,25370518,221595804,203729743,203729743,277560.9577656676,221595804
80424,Zwischenwasser ,3196,31.10.2017,2019,31.12.2019,491399699,757300,0,567129699,885708863,885708863,277130.4327284105,567129699
80414,Rankweil,11640,31.10.2012,2014,31.12.2014,1014281631,3268100,0,1341091631,3224535308,3224535308,277021.93367697595,1341091631
80302,Hohenems,15673,31.10.2014,2016,31.12.2016,1951073174,15478100,0,3498883174,4341397181,4341397181,276998.48025266384,3498883174
80407,Göfis,3007,31.10.2010,2012,31.12.2012,1139070875,0,0,1139070875,832321144,832321144,276794.5274359827,1139070875
80402,Düns,385,31.10.2012,2014,31.12.2014,53389475,0,0,53389475,106543935,106543935,276737.4935064935,53389475
80216,Hittisau,1837,31.10.2012,2014,31.12.2014,26580887,0,1042244,27623131,508133033,508133033,276610.25204137183,27623131
80108,Dalaas,1544,31.10.2013,2015,31.12.2015,37712566,257200,0,40284566,426888485,426888485,276482.1794041451,40284566
80422,Viktorsberg,378,31.10.2001,2006,31.12.2006,70472751,0,25396209,9586896,104371075,104371075,276113.95502645505,9586896
80418,Schlins,2292,31.10.2014,2016,31.12.2016,569308598,0,2066226,571374824,632814302,632814302,276096.9904013962,571374824
80414,Rankweil,11589,31.10.2010,2012,31.12.2012,1016454109,4285700,0,1445024109,3196508045,3196508045,275822.5942704289,1445024109
80217,Höchst,7095,31.10.2001,2007,31.12.2007,2111050331,0,90490643,2201540974,1956925501,1956925501,275817.54770965467,2201540974
80108,Dalaas,1530,31.10.2008,2009,31.12.2009,555608467,600000,0,615608467,421926298,421926298,275768.8222222222,615608467
80106,Bürs,3039,31.10.2008,2010,31.12.2010,554031105,2112900,94951991,860273096,837032972,837032972,275430.3955248437,860273096
80128,Tschagguns,2335,31.10.2001,2008,31.12.2008,330641413,2977500,0,628391413,636429515,642937246,275347.8569593148,628391413
80230,Reuthe,586,31.10.2001,2006,31.12.2006,37691262,0,0,37691262,161226533,161226533,275130.60238907847,37691262
80115,Ludesch,2804,31.10.2001,2006,31.12.2006,1009589445,8623300,484916,1876768605,73954486,771185699,275030.5631241084,1876768605
80237,Sibratsgfäll,397,31.10.2015,2017,31.12.2017,33522027,0,0,33522027,109099461,109099461,274809.72544080607,33522027
80233,Schoppernau,933,31.10.2012,2014,31.12.2014,47801296,1581300,0,205931296,256254995,256254995,274657.0150053591,205931296
80236,Schwarzenberg,1668,31.10.2001,2007,31.12.2007,9481072,0,0,9481072,458027445,458027445,274596.7895683453,9481072
80206,Bizau,1001,31.10.2008,2009,31.12.2009,44007205,0,0,44007205,274722923,274722923,274448.47452547454,44007205
80227,Mellau,1311,31.10.2013,2015,31.12.2015,64928834,699300,0,134858834,359730979,359730979,274394.3394355454,134858834
80230,Reuthe,622,31.10.2014,2016,31.12.2016,965556,274900,0,3714556,170601723,170601723,274279.29742765275,3714556
80416,Röthis,1961,31.10.2009,2011,31.12.2011,305019705,0,0,305019705,537319168,537319168,274002.6353901071,305019705
80413,Meiningen,2215,31.10.2016,2018,31.12.2018,104091072,1172500,0,221341072,604959046,604959046,273119.20812641084,221341072
80222,Langen b.Breg.,1289,31.10.2011,2013,31.12.2013,0,0,0,0,351844038,351844038,272958.91233514354,0
80224,Lauterach,10291,31.10.2017,2019,31.12.2019,1177058164,10359300,37413932,2250402096,2808032056,2808032056,272862.89534544747,2250402096
80408,Götzis,11286,31.10.2015,2017,31.12.2017,2726972863,6563600,0,3383332863,3079465294,3079465294,272857.1056175793,3383332863
80413,Meiningen,2159,31.10.2015,2017,31.12.2017,30939445,1262500,0,157189445,588045917,588045917,272369.5771190366,157189445
80217,Höchst,7756,31.10.2012,2014,31.12.2014,1478450849,3107900,0,1789240849,2110876485,2110876485,272160.4544868489,1789240849
80422,Viktorsberg,382,31.10.2009,2011,31.12.2011,42176995,0,0,42176995,103909033,103909033,272013.17539267015,42176995
80424,Zwischenwasser,3143,31.10.2014,2016,31.12.2016,663362631,1018300,0,765192631,854722757,854722757,271944.8797327394,765192631
80104,Bludesch,2158,31.10.2001,2008,31.12.2008,464536279,508100,6251978,521598257,576210052,586431799,271747.8215940686,521598257
80126,Thüringen,2161,31.10.2009,2011,31.12.2011,254466994,3835800,0,638046994,58648839,586460089,271383.6598796853,638046994
80212,Eichenberg,390,31.10.2010,2012,31.12.2012,81624559,0,0,81624559,92717299,105826436,271349.8358974359,81624559
80240,Wolfurt,8206,31.10.2011,2013,31.12.2013,10474544,0,0,10474544,2225590659,2225590659,271215.04496709723,10474544
80217,Höchst,7729,31.10.2013,2015,31.12.2015,1343214761,2897400,0,1632954761,2095856687,2095856687,271167.8984344676,1632954761
80410,Koblach,4411,31.10.2014,2016,31.12.2016,74230701,5872500,0,661480701,1195651356,1195651356,271061.29131716164,661480701
80401,Altach,6539,31.10.2016,2018,31.12.2018,1135398259,0,0,1135398259,1772757284,1766548479,270155.75454962533,1135398259
80116,Nenzing,6016,31.10.2010,2012,31.12.2012,1353591917,3085000,466039637,2128131554,1597326031,1624451925,270021.9290226064,2128131554
80421,Übersaxen,614,31.10.2011,2013,31.12.2013,130350054,776700,0,208020054,165607477,165607477,269719.01791530947,208020054
80418,Schlins,2042,31.10.2001,2007,31.12.2007,479611352,0,0,479611352,550744259,550744259,269708.2561214496,479611352
80237,Sibratsgfäll,393,31.10.2009,2011,31.12.2011,12816489,0,0,12816489,105945632,105945632,269581.76081424934,12816489
80401,Altach,5703,31.10.2001,2008,31.12.2008,1373831574,0,0,1373831574,1541955364,1537104829,269525.6582500438,1373831574
80412,Mäder,3822,31.10.2015,2017,31.12.2017,444611374,2563800,41002872,741994246,1029582487,1029582487,269383.1729461015,741994246
80115,Ludesch,3352,31.10.2012,2014,31.12.2014,105124025,5280800,0,157932025,901352316,901352316,268899.85560859187,157932025
80226,Lochau,5764,31.10.2017,2019,31.12.2019,933729865,0,2651512,936381377,1548219785,1548219785,268601.6282095767,936381377
80419,Schnifis,781,31.10.2013,2015,31.12.2015,94602222,696500,0,164252222,209483228,209483228,268224.36363636365,164252222
80208,Buch,558,31.10.2001,2007,31.12.2007,2951653,983900,0,12790653,149601223,149601223,268102.5501792115,12790653
80237,Sibratsgfäll,392,31.10.2013,2015,31.12.2015,41871314,0,0,41871314,105004765,105004765,267869.29846938775,41871314
80240,Wolfurt,7847,31.10.2001,2008,31.12.2008,208981953,0,0,208981953,2101648105,2101648105,267828.2279852173,208981953
80225,Lingenau,1302,31.10.2009,2011,31.12.2011,497757573,4695500,26433883,993741456,348529134,348529134,267687.5069124424,993741456
80227,Mellau,1314,31.10.2011,2013,31.12.2013,110593215,691400,0,179733215,351391893,351391893,267421.53196347033,179733215
80125,Stallehr,284,31.10.2012,2014,31.12.2014,121976662,0,0,121976662,75905532,75905532,267273.0,121976662
80216,Hittisau,1840,31.10.2009,2011,31.12.2011,73747655,0,1721358,75469013,491611735,491611735,267180.29076086957,75469013
80208,Buch,564,31.10.2012,2014,31.12.2014,15903463,0,0,15903463,150635891,150635891,267084.9131205674,15903463
80235,Schwarzach,3919,31.10.2017,2019,31.12.2019,388963157,1717500,0,560713157,1046447798,1046447798,267019.08599132433,560713157
80408,Götzis,10857,31.10.2012,2014,31.12.2014,2379386132,7666400,0,3146026132,2898813083,2898813083,266999.4550059869,3146026132
80215,Hard,12480,31.10.2009,2011,31.12.2011,1048706694,0,12107653,1169783224,3329919641,3329919641,266820.4840544872,1169783224
80419,Schnifis,747,31.10.2010,2012,31.12.2012,132107694,734300,0,205537694,199105758,199105758,266540.5060240964,205537694
80214,Gaißau,1649,31.10.2009,2011,31.12.2011,104757759,0,464900,151247759,439357575,439357575,266438.7962401455,151247759
80412,Mäder,3528,31.10.2008,2010,31.12.2010,580717877,2535000,208887292,1043105169,939212477,939212477,266216.6884920635,1043105169
80213,Fußach,3521,31.10.2001,2008,31.12.2008,426865939,2916900,0,718555939,936893876,936893876,266087.43993183755,718555939
80106,Bürs,3115,31.10.2001,2008,31.12.2008,608932529,2063300,120041178,935303707,827520607,827520607,265656.6956661316,935303707
80213,Fußach,3766,31.10.2013,2015,31.12.2015,178825816,6281600,0,806985816,999512632,999512632,265404.3101433882,806985816
80116,Nenzing,5999,31.10.2008,2010,31.12.2010,1637911409,3153200,509457296,2462688705,1591269393,1591269393,265255.7747957993,2462688705
80421,Übersaxen,614,31.10.2010,2012,31.12.2012,137676058,849100,0,222586058,162849454,162849454,265227.12377850164,222586058
80119,St. Anton i.M.,688,31.10.2008,2010,31.12.2010,169384564,0,0,169384564,131178821,182428843,265158.2020348837,169384564
80404,Feldkirch,30581,31.10.2008,2010,31.12.2010,3586351221,9860400,309469728,4881860949,7998357484,8104965586,265032.71920473495,4881860949
80227,Mellau,1282,31.10.2001,2007,31.12.2007,15209979,900000,0,24209979,339128795,339128795,264531.0413416537,24209979
80230,Reuthe,616,31.10.2011,2013,31.12.2013,18711581,407500,0,59461581,162697459,162697459,264119.2516233766,59461581
80210,Doren,1021,31.10.2008,2009,31.12.2009,36513048,835500,268633,146926348,254559226,269442433,263900.52203721844,146926348
80115,Ludesch,3225,31.10.2009,2011,31.12.2011,1281929578,6353400,0,1917269578,850972988,850972988,263867.5931782946,1917269578
80412,Mäder,4026,31.10.2017,2019,31.12.2019,717158001,2173800,0,934538001,1062318605,1062318605,263864.53179334325,934538001
80240,Wolfurt,8083,31.10.2010,2012,31.12.2012,119212016,0,0,119212016,2132099268,2132099268,263775.7352468143,119212016
80206,Bizau,1056,31.10.2015,2017,31.12.2017,69964186,0,0,69964186,278501833,278501833,263732.79640151514,69964186
80410,Koblach,4557,31.10.2017,2019,31.12.2019,122788735,4400600,0,562848735,1201736349,1201736349,263712.1678736011,562848735
80103,Bludenz  ,13699,31.10.2001,2006,31.12.2006,242532267,5263700,420125,2952112795,3605968065,3605968065,263228.56157383753,2952112795
80104,Bludesch,2266,31.10.2014,2016,31.12.2016,425272001,0,9457371,434729372,596220509,596220509,263115.84686672554,434729372
80223,Langenegg,1136,31.10.2014,2016,31.12.2016,151003943,0,751871,151755814,298679117,298679117,262921.75792253524,151755814
80119,St. Anton i.M.,729,31.10.2011,2013,31.12.2013,188607675,0,0,188607675,191586343,191586343,262807.0548696845,188607675
80405,Frastanz,6214,31.10.2001,2008,31.12.2008,767653507,0,146152273,91380578,1632682787,1632682787,262742.64354682976,91380578
80210,Doren,1014,31.10.2014,2016,31.12.2016,23297058,2069700,0,230267058,267117124,266366876,262689.2268244576,230267058
80119,St. Anton i.M.,731,31.10.2016,2018,31.12.2018,141816512,0,0,141816512,192017098,192017098,262677.28864569083,141816512
80101,Bartholomäberg,2327,31.10.2015,2017,31.12.2017,316355817,0,182030596,498386413,610824916,610824916,262494.5921787709,498386413
80128,Tschagguns,2209,31.10.2008,2009,31.12.2009,305782547,2847400,0,590522547,572923669,579831225,262485.8420099593,590522547
80407,Göfis,3035,31.10.2009,2011,31.12.2011,1210576077,0,0,1210576077,795560269,795560269,262128.58945634266,1210576077
80422,Viktorsberg,379,31.10.2010,2012,31.12.2012,20953844,0,0,20953844,99304294,99304294,262016.60686015832,20953844
80127,Thüringerberg,685,31.10.2012,2014,31.12.2014,63221739,1159500,1224083,180395822,170799296,179463406,261990.37372262773,180395822
80231,Riefensberg,971,31.10.2001,2007,31.12.2007,86762331,0,0,86762331,254316737,254316737,261912.1905252317,86762331
80233,Schoppernau,925,31.10.2011,2013,31.12.2013,59162094,1746300,0,233792094,242229262,242229262,261869.47243243243,233792094
80416,Röthis,1882,31.10.2011,2013,31.12.2013,248697472,0,0,248697472,492545017,492545017,261713.61158342188,248697472
80416,Röthis,1956,31.10.2008,2010,31.12.2010,233860538,0,0,233860538,511632491,511632491,261570.80316973416,233860538
80103,Bludenz  ,13809,31.10.2008,2009,31.12.2009,194924038,6011800,3753517,2554173897,3610901188,3610901188,261488.970091969,2554173897
80402,Düns,379,31.10.2008,2009,31.12.2009,65081134,0,6006477,71087611,99091408,99091408,261454.90237467017,71087611
80406,Fraxern,674,31.10.2001,2007,31.12.2007,181479154,2124200,165941,394065095,176189742,176189742,261409.1127596439,394065095
80233,Schoppernau,907,31.10.2008,2010,31.12.2010,91574753,2241300,0,315704753,237084861,237084861,261394.5545755237,315704753
80238,Sulzberg,1722,31.10.2001,2006,31.12.2006,1879788,800000,1148689,269127489,449849248,449849248,261236.49709639954,269127489
80203,Au,1643,31.10.2001,2006,31.12.2006,130818794,0,0,130818794,42898628,428939517,261070.91722458915,130818794
80203,Au,1694,31.10.2015,2017,31.12.2017,26198753,1127500,0,138948753,442230141,442230141,261056.75383707203,138948753
80229,Möggers,518,31.10.2012,2014,31.12.2014,121509482,0,0,121509482,135083706,135083706,260779.3552123552,121509482
80401,Altach,6395,31.10.2012,2014,31.12.2014,1590312892,0,0,1590312892,1670923731,1666185385,260545.01720093822,1590312892
80108,Dalaas,1511,31.10.2010,2012,31.12.2012,403947208,428600,0,446807208,393641818,393641818,260517.4176042356,446807208
80414,Rankweil,11575,31.10.2011,2013,31.12.2013,949002283,3952400,0,1344242283,3011228041,3011228041,260149.29079913607,1344242283
80408,Götzis,10653,31.10.2008,2009,31.12.2009,2203338686,3263400,15048393,2544727079,2768600614,2768600614,259889.29071623017,2544727079
80119,St. Anton i.M.,699,31.10.2001,2006,31.12.2006,61313415,0,0,61313415,181558413,181558413,259740.21888412017,61313415
80212,Eichenberg,384,31.10.2008,2009,31.12.2009,76316471,0,0,76316471,99724862,99724862,259700.16145833334,76316471
80213,Fußach,3726,31.10.2012,2014,31.12.2014,208186476,5916700,0,799856476,967269352,967269352,259599.93344068708,799856476
80115,Ludesch,3402,31.10.2015,2017,31.12.2017,875204015,4352800,0,1310484015,883040753,883040753,259565.183127572,1310484015
80103,Bludenz  ,13809,31.10.2008,2010,31.12.2010,2079697892,6972000,8482577,2785380469,3584179564,3584179564,259553.88254037223,2785380469
80225,Lingenau,1320,31.10.2008,2009,31.12.2009,549771169,4589300,36827184,1045528353,342600927,342600927,259546.15681818183,1045528353
80420,Sulz,2375,31.10.2011,2013,31.12.2013,327915116,0,108064404,43597952,580316623,616313386,259500.3730526316,43597952
80233,Schoppernau,914,31.10.2009,2011,31.12.2011,81079016,2076300,0,288709016,237170854,237170854,259486.71115973743,288709016
80108,Dalaas,1530,31.10.2008,2010,31.12.2010,493048681,542900,0,547338681,396967644,396967644,259455.97647058824,547338681
80116,Nenzing,5999,31.10.2008,2009,31.12.2009,1760364919,2018600,498911849,2461136768,1505070707,1556144694,259400.6824470745,2461136768
80115,Ludesch,2804,31.10.2001,2007,31.12.2007,1038641163,6352800,3624829,1677545992,725736252,725736252,258821.77318116976,1677545992
80127,Thüringerberg,716,31.10.2015,2017,31.12.2017,89657383,900300,128853,180975913,179390942,185254372,258735.15642458102,180975913
80422,Viktorsberg,403,31.10.2015,2017,31.12.2017,8072895,0,0,8072895,104239376,104239376,258658.50124069478,8072895
80236,Schwarzenberg,1782,31.10.2009,2011,31.12.2011,51059257,0,0,51059257,460610975,460610975,258479.78395061727,51059257
80229,Möggers,541,31.10.2008,2010,31.12.2010,118602577,0,2574396,121176973,129360698,139762446,258340.93530499077,121176973
80410,Koblach,4476,31.10.2016,2018,31.12.2018,39841303,4718600,0,511701303,1155752161,1155752161,258210.93856121536,511701303
80206,Bizau,1081,31.10.2016,2018,31.12.2018,64587053,0,0,64587053,278845532,278845532,257951.46345975948,64587053
80238,Sulzberg,1751,31.10.2010,2012,31.12.2012,85686448,1307200,0,216406448,451065084,451065084,257604.2741290691,216406448
80127,Thüringerberg,675,31.10.2011,2013,31.12.2013,63045723,1237800,1623503,188449226,173537681,173537681,257092.86074074075,188449226
80401,Altach,6315,31.10.2008,2009,31.12.2009,1515111142,0,0,1515111142,1621740629,1621740629,256807.70055423595,1515111142
80215,Hard,12363,31.10.2008,2010,31.12.2010,1067033974,0,154050601,1221084575,3171939701,3171939701,256567.15206665048,1221084575
80419,Schnifis,801,31.10.2017,2019,31.12.2019,81283944,0,0,81283944,205393535,205393535,256421.39200998752,81283944
80417,Satteins ,2527,31.10.2012,2014,31.12.2014,151081854,2961500,0,447231854,647604443,647604443,256274.0178076771,447231854
80218,Hörbranz,6330,31.10.2016,2018,31.12.2018,27562708,0,0,27562708,1620079486,1620079486,255936.72764612956,27562708
80211,Egg ,3410,31.10.2011,2013,31.12.2013,324979814,6170400,960192,942980006,872426007,872426007,255843.4038123167,942980006
80103,Bludenz  ,13778,31.10.2009,2011,31.12.2011,212028892,7363500,22986546,2879625466,3521852612,3521852612,255614.2119320656,2879625466
80222,Langen b.Breg.,1323,31.10.2013,2015,31.12.2015,0,0,0,0,337805811,337805811,255333.19047619047,0
80237,Sibratsgfäll,394,31.10.2012,2014,31.12.2014,46471835,0,0,46471835,100595406,100595406,255318.28934010153,46471835
80419,Schnifis,783,31.10.2015,2017,31.12.2017,73857246,469900,0,120847246,199670253,199670253,255006.70881226053,120847246
80227,Mellau,1282,31.10.2001,2008,31.12.2008,135659653,825000,0,218159653,326666759,326666759,254810.26443057723,218159653
80104,Bludesch,2225,31.10.2011,2013,31.12.2013,457061943,282600,21249817,50657176,566743704,566743704,254716.27146067415,50657176
80118,Raggal,853,31.10.2008,2010,31.12.2010,169742456,2064500,7303711,383496167,217120897,217120897,254537.98007033998,383496167
80119,St. Anton i.M.,699,31.10.2001,2007,31.12.2007,80642723,0,0,80642723,177858299,177858299,254446.77968526466,80642723
80104,Bludesch,2283,31.10.2009,2011,31.12.2011,470105735,400200,28944344,539070079,580588241,580588241,254309.34778799824,539070079
80202,Andelsbuch,2394,31.10.2014,2016,31.12.2016,57302201,0,0,57302201,608673113,608673113,254249.42063492062,57302201
80213,Fußach,3684,31.10.2010,2012,31.12.2012,3019070,6277300,0,9296370,936528883,936528883,254215.22339847992,9296370
80203,Au,1700,31.10.2012,2014,31.12.2014,58081329,1676300,0,225711329,431167907,431167907,253628.1805882353,225711329
80222,Langen b.Breg.,1299,31.10.2001,2008,31.12.2008,16309002,0,0,16309002,329264587,329264587,253475.43264049268,16309002
80421,Übersaxen,639,31.10.2015,2017,31.12.2017,99222214,504900,0,149712214,161851656,161851656,253288.9765258216,149712214
80221,Krumbach,997,31.10.2009,2011,31.12.2011,92307901,0,0,92307901,252362564,252362564,253121.9297893681,92307901
80213,Fußach,3700,31.10.2011,2013,31.12.2013,241951199,6023000,0,844251199,936453905,936453905,253095.65,844251199
80118,Raggal,863,31.10.2001,2007,31.12.2007,109817496,1542800,19176439,283273935,218159419,218159419,252791.91077636153,283273935
80412,Mäder,3142,31.10.2001,2008,31.12.2008,507096004,0,250444204,757540208,793817499,793817499,252647.1989178867,757540208
80115,Ludesch,3377,31.10.2011,2013,31.12.2013,1118806323,5579600,0,1676766323,852883951,852883951,252556.69262659166,1676766323
80224,Lauterach,9197,31.10.2008,2009,31.12.2009,1454702417,4803400,298631286,2233673703,2319591194,2319591194,252211.72056105253,2233673703
80224,Lauterach,9608,31.10.2012,2014,31.12.2014,123410476,2750900,85261099,1594455859,2419746975,2419746975,251847.10397585345,1594455859
80410,Koblach,4423,31.10.2015,2017,31.12.2017,57115583,5017500,0,558865583,1113755082,1113755082,251809.87610219308,558865583
80119,St. Anton i.M.,718,31.10.2017,2019,31.12.2019,129191714,0,0,129191714,180749694,180749694,251740.5208913649,129191714
80116,Nenzing,6057,31.10.2009,2011,31.12.2011,1500798513,3009300,491579878,2293308391,1522269467,1522269467,251323.99983490177,2293308391
80214,Gaißau,1730,31.10.2013,2015,31.12.2015,68515333,0,26595553,95110886,434635617,434635617,251234.46069364162,95110886
80203,Au,1684,31.10.2008,2010,31.12.2010,152245517,1829800,0,335225517,422798342,422798342,251067.89904988123,335225517
80414,Rankweil,11171,31.10.2001,2008,31.12.2008,1041942186,3721200,20598574,143466076,2804477834,2804477834,251049.84638796884,143466076
80421,Übersaxen,632,31.10.2014,2016,31.12.2016,107288638,622900,0,169578638,158218774,158218774,250346.16139240508,169578638
80129,Vandans,2605,31.10.2010,2012,31.12.2012,744850708,1638000,0,908650708,652086815,652086815,250321.23416506717,908650708
80115,Ludesch,3292,31.10.2010,2012,31.12.2012,1189544492,6025100,0,1792054492,822925541,822925541,249977.3818347509,1792054492
80201,Alberschwende,3133,31.10.2012,2014,31.12.2014,318140693,11909900,6797083,1515927776,782607273,782607273,249794.852537504,1515927776
80404,Feldkirch,28607,31.10.2001,2008,31.12.2008,3487830452,3568400,425726412,4270396864,7143252749,7143252749,249702.96602230222,4270396864
80106,Bürs,3115,31.10.2001,2007,31.12.2007,618099654,1982000,119465741,935765395,777393584,777393584,249564.55345104335,935765395
80101,Bartholomäberg,2266,31.10.2014,2016,31.12.2016,352060099,0,176693107,528753206,565493849,565493849,249555.97925860548,528753206
80408,Götzis,10095,31.10.2001,2007,31.12.2007,1518526227,3559000,4867911,1923105337,2517294946,2517294946,249360.56919266965,1923105337
80235,Schwarzach,3876,31.10.2014,2016,31.12.2016,168127427,6426500,0,810777427,965786474,965786474,249170.9169246646,810777427
80217,Höchst,7708,31.10.2008,2009,31.12.2009,2175306445,4161400,27922197,2619368642,1919430966,1919430966,249018.02880124547,2619368642
80127,Thüringerberg,675,31.10.2010,2012,31.12.2012,51297814,1315300,2022923,184850737,168006682,168006682,248898.78814814816,184850737
80416,Röthis,1901,31.10.2012,2014,31.12.2014,22948877,0,0,22948877,473110963,473110963,248874.78327196214,22948877
80405,Frastanz,6316,31.10.2015,2017,31.12.2017,394040442,3465700,27538659,768149101,1569981088,1569981088,248572.05319822673,768149101
80222,Langen b.Breg.,1289,31.10.2012,2014,31.12.2014,0,0,0,0,320406592,320406592,248569.89294026376,0
80117,Nüziders,4477,31.10.2001,2008,31.12.2008,45204873,2768600,133963501,862872231,1112798206,1112798206,248558.9023899933,862872231
80222,Langen b.Breg.,1299,31.10.2001,2007,31.12.2007,18640743,0,0,18640743,322752333,322752333,248462.15011547343,18640743
80203,Au,1692,31.10.2014,2016,31.12.2016,35636399,1312500,0,166886399,420160151,420160151,248321.6022458629,166886399
80424,Zwischenwasser ,3096,31.10.2012,2014,31.12.2014,452590638,1131700,0,565760638,76079676,768659724,248275.10465116278,565760638
80238,Sulzberg,1722,31.10.2001,2008,31.12.2008,172442914,1215000,0,293942914,427229749,427229749,248100.89953542393,293942914
80203,Au,1671,31.10.2011,2013,31.12.2013,93845803,1843300,0,278175803,413912268,413912268,247703.33213644524,278175803
80231,Riefensberg,1042,31.10.2015,2017,31.12.2017,46534494,0,0,46534494,257912492,257912492,247516.7869481766,46534494
80235,Schwarzach,3866,31.10.2015,2017,31.12.2017,153399617,5529300,0,706329617,956170719,956170719,247328.17356440765,706329617
80117,Nüziders,4867,31.10.2014,2016,31.12.2016,200982797,5755600,38938448,815481245,1203707403,1203707403,247320.19786316005,815481245
80231,Riefensberg,1013,31.10.2011,2013,31.12.2013,10672342,0,0,10672342,250522474,250522474,247307.47680157947,10672342
80201,Alberschwende,3167,31.10.2014,2016,31.12.2016,281089018,12829700,1324048,1565383066,782913726,782913726,247209.89137985476,1565383066
80219,Hohenweiler,1271,31.10.2014,2016,31.12.2016,28070995,0,0,28070995,292850273,314189054,247198.3115656963,28070995
80409,Klaus,3076,31.10.2009,2011,31.12.2011,725509869,3610400,191534,1086741403,760198239,760198239,247138.56924577375,1086741403
80302,Hohenems,15551,31.10.2013,2015,31.12.2015,1754670602,13500400,0,3104710602,3843085199,3843085199,247127.8502347116,3104710602
80231,Riefensberg,1010,31.10.2009,2011,31.12.2011,41394858,0,0,41394858,249190081,249190081,246722.85247524752,41394858
80203,Au,1699,31.10.2013,2015,31.12.2015,46949006,1496500,0,196599006,418827542,418827542,246514.15067686874,196599006
80416,Röthis,1920,31.10.2010,2012,31.12.2012,268592663,0,0,268592663,472455361,472455361,246070.50052083333,268592663
80211,Egg ,3452,31.10.2012,2014,31.12.2014,301270693,5951500,644806,897065499,848361639,848361639,245759.45509849364,897065499
80406,Fraxern,674,31.10.2001,2006,31.12.2006,185454047,2124600,649334,398563381,165582929,165582929,245672.00148367952,398563381
80230,Reuthe,618,31.10.2012,2014,31.12.2014,15764875,364300,0,52194875,151811275,151811275,245649.31229773464,52194875
80402,Düns,385,31.10.2001,2006,31.12.2006,77098067,0,14433529,91531596,94531461,94531461,245536.26233766234,91531596
80414,Rankweil,11171,31.10.2001,2007,31.12.2007,961750779,3977100,34342457,1393803236,2742426184,2742426184,245495.13776743354,1393803236
80238,Sulzberg,1753,31.10.2008,2010,31.12.2010,129041182,1171300,0,246171182,430194513,430194513,245404.7421563035,246171182
80223,Langenegg,1052,31.10.2008,2010,31.12.2010,202165596,0,0,202165596,257577428,257577428,244845.463878327,202165596
80231,Riefensberg,987,31.10.2008,2009,31.12.2009,58768366,0,0,58768366,241573445,241573445,244755.26342451875,58768366
80408,Götzis,10653,31.10.2008,2010,31.12.2010,2365397497,3603500,0,2725747497,2606729224,2606729224,244694.37942363654,2725747497
80240,Wolfurt,8128,31.10.2009,2011,31.12.2011,142271684,0,0,142271684,1988604067,1988604067,244660.93343996062,142271684
80101,Bartholomäberg,2270,31.10.2010,2012,31.12.2012,482640077,0,244264948,726905025,555363336,555363336,244653.45198237884,726905025
80217,Höchst,7780,31.10.2011,2013,31.12.2013,1616104258,3316400,0,1947744258,1903019817,1903019817,244604.08958868895,1947744258
80224,Lauterach,9538,31.10.2011,2013,31.12.2013,109730891,2196900,131323855,1448322765,2332373176,2332373176,244534.82658838332,1448322765
80423,Weiler,1920,31.10.2008,2010,31.12.2010,217230587,698900,27142488,314263075,469354666,469354666,244455.55520833333,314263075
80201,Alberschwende,3272,31.10.2016,2018,31.12.2018,239246978,11189200,878056,1359045034,799405723,799405723,244317.15250611247,1359045034
80213,Fußach,3521,31.10.2001,2006,31.12.2006,41554332,3110445,0,72658782,858653052,858653052,243866.2459528543,72658782
80227,Mellau,1309,31.10.2012,2014,31.12.2014,86680377,654200,0,152100377,319122197,319122197,243790.83040488922,152100377
80418,Schlins,2260,31.10.2008,2009,31.12.2009,445664681,0,0,445664681,550478433,550478433,243574.5278761062,445664681
80418,Schlins,2042,31.10.2001,2006,31.12.2006,399176923,0,0,399176923,496618694,496618694,243202.1028403526,399176923
80420,Sulz,2189,31.10.2001,2006,31.12.2006,51869182,0,297776443,816468263,531972262,532025499,243044.99725902238,816468263
80405,Frastanz,6247,31.10.2008,2009,31.12.2009,788933909,3900000,138545133,1317479042,1516907064,1516907064,242821.68464863134,1317479042
80101,Bartholomäberg,2263,31.10.2008,2010,31.12.2010,433083996,0,3088900,741973996,543970835,549351592,242753.68625718073,741973996
80214,Gaißau,1669,31.10.2011,2013,31.12.2013,71139853,0,51804785,122944638,404849323,404849323,242569.9958058718,122944638
80405,Frastanz,6324,31.10.2014,2016,31.12.2016,451125363,3713400,35385639,857851002,1533141844,1533141844,242432.29664769134,857851002
80233,Schoppernau,905,31.10.2001,2008,31.12.2008,24298266,2571300,0,281428266,219340069,219340069,242364.7171270718,281428266
80216,Hittisau,1819,31.10.2010,2012,31.12.2012,7063891,0,1442767,72081677,440751852,440751852,242304.48158328753,72081677
80418,Schlins,2042,31.10.2001,2008,31.12.2008,452203664,0,0,452203664,494410445,494410445,242120.68805093045,452203664
80119,St. Anton im Montafon,733,31.10.2015,2017,31.12.2017,15578271,0,0,15578271,177232459,177232459,241790.5306957708,15578271
80227,Mellau,1289,31.10.2008,2009,31.12.2009,140350465,775000,0,217850465,311488789,311488789,241651.50426687356,217850465
80229,Möggers,537,31.10.2010,2012,31.12.2012,137129308,0,0,137129308,129648209,129648209,241430.5567970205,137129308
80302,Hohenems,15423,31.10.2012,2014,31.12.2014,1783526899,11004800,0,2884006899,3722520109,3722520109,241361.6098683784,2884006899
80104,Bludesch,2257,31.10.2008,2009,31.12.2009,488313061,471600,34494886,569967947,544597147,544597147,241292.48870181656,569967947
80236,Schwarzenberg,1788,31.10.2008,2010,31.12.2010,5053856,0,0,5053856,431396567,431396567,241273.24776286352,5053856
80101,Bartholomäberg,2255,31.10.2012,2014,31.12.2014,409655042,0,211416434,621071476,539881908,543762919,241136.54944567627,621071476
80220,Kennelbach,1880,31.10.2013,2015,31.12.2015,194333832,0,4337416,198671248,438690938,453161486,241043.34361702128,198671248
80117,Nüziders,4875,31.10.2009,2011,31.12.2011,495302589,8367700,101693895,1433766484,1175015916,1175015916,241028.90584615385,1433766484
80231,Riefensberg,971,31.10.2001,2006,31.12.2006,53635337,0,0,53635337,234003348,234003348,240992.1194644696,53635337
80215,Hard,12363,31.10.2008,2009,31.12.2009,958693278,0,1779200,1136613278,2978729235,2978729235,240939.03057510313,1136613278
80408,Götzis,10648,31.10.2009,2011,31.12.2011,2424857357,3480100,0,2772867357,2560624004,2560624004,240479.3392186326,2772867357
80210,Doren,1021,31.10.2008,2010,31.12.2010,47767218,859800,225829,156330118,245296017,245296017,240250.7512242899,156330118
80108,Dalaas,1517,31.10.2009,2011,31.12.2011,443823121,485800,0,492403121,364132088,364132088,240034.33618984837,492403121
80225,Lingenau,1320,31.10.2008,2010,31.12.2010,508743294,4761900,31647195,1016580489,316713754,316713754,239934.6621212121,1016580489
80216,Hittisau,1845,31.10.2008,2010,31.12.2010,76796563,0,0,76796563,442659216,442659216,239923.6943089431,76796563
80423,Weiler,1920,31.10.2008,2009,31.12.2009,159152324,761600,3466718,269979504,460602016,460602016,239896.88333333333,269979504
80409,Klaus,2793,31.10.2001,2006,31.12.2006,48423729,4429800,23418,92955909,669670577,669670577,239767.48191908342,92955909
80408,Götzis,10757,31.10.2011,2013,31.12.2013,2250557565,6381000,0,2888657565,2577286923,2577286923,239591.60760435066,2888657565
80117,Nüziders,4856,31.10.2015,2017,31.12.2017,17275655,5258500,25972718,724579268,1163201043,1163201043,239538.92977759472,724579268
80419,Schnifis,781,31.10.2014,2016,31.12.2016,84254716,583200,0,142574716,187061761,187061761,239515.69910371318,142574716
80420,Sulz,2368,31.10.2010,2012,31.12.2012,36094358,0,135027152,495970732,558469656,566518238,239239.12077702704,495970732
80125,Stallehr,272,31.10.2001,2008,31.12.2008,106503883,0,0,106503883,65022493,65022493,239053.2830882353,106503883
80405,Frastanz,6214,31.10.2001,2007,31.12.2007,830478763,0,161846256,992325019,1485102665,1485102665,238993.0262310911,992325019
80224,Lauterach,9197,31.10.2008,2010,31.12.2010,1222235508,4531000,250496271,1925831779,2197970925,2197970925,238987.81396107425,1925831779
80203,Au,1693,31.10.2010,2012,31.12.2012,108675677,2000300,0,308705677,404413703,404413703,238874.01240401654,308705677
80221,Krumbach,992,31.10.2008,2009,31.12.2009,145111202,0,0,145111202,236877011,236877011,238787.30947580645,145111202
80208,Buch,547,31.10.2010,2012,31.12.2012,17853863,0,0,17853863,130546903,130546903,238659.7861060329,17853863
80236,Schwarzenberg,1668,31.10.2001,2008,31.12.2008,86536844,0,0,86536844,397894885,397894885,238546.09412470023,86536844
80215,Hard,11468,31.10.2001,2008,31.12.2008,890376399,0,22153571,1111912109,2734490694,2734490694,238445.29944192537,1111912109
80101,Bartholomäberg,2251,31.10.2009,2011,31.12.2011,440351418,0,261246737,701598155,536599604,536599604,238382.76499333628,701598155
80401,Altach,5703,31.10.2001,2007,31.12.2007,127391273,0,0,127391273,1365111671,1359344121,238355.97422409258,127391273
80419,Schnifis,780,31.10.2012,2014,31.12.2014,8691901,734300,0,16034901,185762744,185762744,238157.3641025641,16034901
80423,Weiler,2095,31.10.2014,2016,31.12.2016,41833949,506600,0,46899949,498357923,498357923,237879.676849642,46899949
80210,Doren,1002,31.10.2001,2008,31.12.2008,4137708,941600,308803,16641738,238285231,238285231,237809.6117764471,16641738
80201,Alberschwende,3080,31.10.2008,2010,31.12.2010,266106545,13584900,24789252,1649385797,731405805,731405805,237469.4172077922,1649385797
80220,Kennelbach,1855,31.10.2012,2014,31.12.2014,221764851,0,9753771,231518622,440390762,440390762,237407.41886792454,231518622
80119,St. Anton i.M.,732,31.10.2014,2016,31.12.2016,171022601,0,0,171022601,173763905,173763905,237382.3838797814,171022601
80231,Riefensberg,987,31.10.2008,2010,31.12.2010,45880759,0,0,45880759,234060259,234060259,237143.11955420466,45880759
80211,Egg ,3359,31.10.2001,2006,31.12.2006,175102967,260500,1647569,202800536,796557757,796557757,237141.33879130695,202800536
80407,Göfis,3000,31.10.2008,2010,31.12.2010,1244549629,0,0,1244549629,711261167,711261167,237087.05566666665,1244549629
80420,Sulz,2361,31.10.2008,2010,31.12.2010,429478088,0,189857147,619335235,530352385,559092512,236803.26641253705,619335235
80214,Gaißau,1763,31.10.2014,2016,31.12.2016,61945928,0,19475638,81421566,417355989,417355989,236730.5666477595,81421566
80219,Hohenweiler,1261,31.10.2015,2017,31.12.2017,18280346,0,0,18280346,293470034,298200814,236479.63045202222,18280346
80421,Übersaxen,567,31.10.2001,2008,31.12.2008,113635566,923300,2998462,208964028,133890287,133890287,236138.07231040564,208964028
80423,Weiler,1748,31.10.2001,2008,31.12.2008,131351797,795800,49604945,260536742,412202246,412202246,235813.6418764302,260536742
80211,Egg ,3377,31.10.2010,2012,31.12.2012,317395855,6386500,789905,95683576,796292927,796292927,235798.91234823808,95683576
80401,Altach,6378,31.10.2011,2013,31.12.2013,1616832985,0,0,1616832985,1505273988,1502188297,235526.54390090937,1616832985
80101,Bartholomäberg,2265,31.10.2011,2013,31.12.2013,446076406,0,227976388,674052794,533272236,533272236,235440.28079470198,674052794
80231,Riefensberg,990,31.10.2010,2012,31.12.2012,3004758,0,0,3004758,224806612,232969399,235322.62525252526,3004758
80235,Schwarzach,3764,31.10.2012,2014,31.12.2014,162151438,7200300,0,882181438,885339265,885339265,235212.3445802338,882181438
80226,Lochau,5426,31.10.2011,2013,31.12.2013,55015773,0,36186539,586344269,1274836289,1274836289,234949.55565794325,586344269
80409,Klaus,2793,31.10.2001,2007,31.12.2007,534632098,4418200,1608642,97806074,655611504,655611504,234733.80021482278,97806074
80414,Rankweil,11562,31.10.2008,2009,31.12.2009,976228914,3444900,6192757,1326911671,2713354521,2713354521,234678.64737934613,1326911671
80419,Schnifis,762,31.10.2011,2013,31.12.2013,10631096,734300,0,17974096,178663706,178663706,234466.8057742782,17974096
80238,Sulzberg,1722,31.10.2001,2007,31.12.2007,194738844,718900,0,266628844,403713196,403713196,234444.36469221834,266628844
80423,Weiler,1748,31.10.2001,2007,31.12.2007,135301317,849400,56017612,276258929,409472895,409472895,234252.22826086957,276258929
80223,Langenegg,1026,31.10.2001,2006,31.12.2006,202571319,0,0,202571319,239678463,239678463,233604.73976608188,202571319
80240,Wolfurt,8124,31.10.2008,2010,31.12.2010,164705257,0,0,164705257,1897105168,1897105168,233518.60758247168,164705257
80111,Innerbraz,953,31.10.2010,2012,31.12.2012,3770383,377400,1659701,77103531,222535351,222535351,233510.3368310598,77103531
80417,Satteins,2535,31.10.2014,2016,31.12.2016,137873321,2669700,0,404843321,590214588,590214588,232826.2674556213,404843321
80118,Raggal,863,31.10.2001,2008,31.12.2008,103323834,2058700,15402494,324596328,200852844,200852844,232737.94206257243,324596328
80233,Schoppernau,905,31.10.2001,2006,31.12.2006,31840616,2920300,0,323870616,210625581,210625581,232735.44861878452,323870616
80217,Höchst,7766,31.10.2010,2012,31.12.2012,1759473113,3523200,0,2111793113,1807331523,1807331523,232723.60584599536,2111793113
80409,Klaus,3088,31.10.2008,2009,31.12.2009,57577263,4618300,507902,1038110532,718224796,718224796,232585.75,1038110532
80215,Hard,11468,31.10.2001,2007,31.12.2007,97850708,0,261675176,1240182256,2667005884,2666625341,232527.49747122428,1240182256
80420,Sulz,2189,31.10.2001,2008,31.12.2008,471701148,0,254478022,72617917,495440221,508765502,232419.1420740064,72617917
80220,Kennelbach,1889,31.10.2014,2016,31.12.2016,174872686,0,3554804,17842749,411169546,438886281,232337.89359449444,17842749
80217,Höchst,7762,31.10.2009,2011,31.12.2011,190000572,3735100,0,227351572,1801259293,1801259293,232061.23331615562,227351572
80421,Übersaxen,627,31.10.2013,2015,31.12.2015,115163311,700700,0,185233311,145489187,145489187,232040.1706539075,185233311
80217,Höchst,7708,31.10.2008,2010,31.12.2010,2038441251,3947000,0,2433141251,1785564905,1785564905,231650.86987545408,2433141251
80405,Frastanz,6269,31.10.2013,2015,31.12.2015,509743039,3958700,44952027,950565066,1451771032,1451771032,231579.3638538842,950565066
80408,Götzis,10650,31.10.2010,2012,31.12.2012,2322125169,4002600,0,2722385169,2463743261,2463743261,231337.39539906103,2722385169
80218,Hörbranz,6351,31.10.2017,2019,31.12.2019,19086823,0,0,19086823,1468984313,1468984313,231299.6871358841,19086823
80221,Krumbach,972,31.10.2014,2016,31.12.2016,210647957,0,1798299,212446256,224668846,224668846,231140.78806584363,212446256
80224,Lauterach,8676,31.10.2001,2008,31.12.2008,1221881529,5025800,342543389,2067004918,2004236695,2004236695,231009.300945136,2067004918
80417,Satteins ,2528,31.10.2013,2015,31.12.2015,144578562,2817900,0,426368562,583778922,583778922,230925.20648734178,426368562
80402,Düns,385,31.10.2001,2007,31.12.2007,6749608,0,11730926,79227006,88797371,88797371,230642.52207792207,79227006
80221,Krumbach,987,31.10.2010,2012,31.12.2012,69426666,0,0,69426666,227555384,227555384,230552.56737588652,69426666
80405,Frastanz,6199,31.10.2011,2013,31.12.2013,533607659,4304100,75851179,1039868838,1429193981,1429193981,230552.3440877561,1039868838
80211,Egg ,3359,31.10.2008,2009,31.12.2009,333541347,4369900,1573851,772105198,774202711,774202711,230486.0705567133,772105198
80218,Hörbranz,6337,31.10.2015,2017,31.12.2017,35656381,0,0,35656381,1460344342,1460344342,230447.268739151,35656381
80405,Frastanz,6214,31.10.2001,2006,31.12.2006,872253956,0,175045915,1047299871,1429497036,1429497036,230044.5825555198,1047299871
80410,Koblach,4295,31.10.2013,2015,31.12.2015,91139837,6322200,0,723359837,987326631,987326631,229878.14458672874,723359837
80419,Schnifis,706,31.10.2001,2006,31.12.2006,68060525,0,23959023,92019548,162176426,162176426,229711.65155807364,92019548
80423,Weiler,1965,31.10.2009,2011,31.12.2011,201897883,791900,19531279,300619162,450518566,450518566,229271.5348600509,300619162
80404,Feldkirch,28607,31.10.2001,2006,31.12.2006,3743973416,2875000,62170007,4653173486,6558167627,6558167627,229250.45013458244,4653173486
80412,Mäder,3815,31.10.2014,2016,31.12.2016,428125406,2758800,68330047,772335453,870905369,870905369,228284.5003931848,772335453
80101,Bartholomäberg,2263,31.10.2013,2015,31.12.2015,372080888,0,194565716,566646604,516201006,516201006,228104.7308882015,566646604
80104,Bludesch,2257,31.10.2008,2010,31.12.2010,462245047,449900,30689815,537924862,464766291,513304095,227427.60079751883,537924862
80413,Meiningen,2245,31.10.2017,2019,31.12.2019,97198178,1079200,0,205118178,510064959,510064959,227200.4271714922,205118178
80412,Mäder,3689,31.10.2011,2013,31.12.2013,514482537,3343800,150026294,998888831,837277391,837277391,226965.95039306046,998888831
80221,Krumbach,933,31.10.2001,2006,31.12.2006,147546885,0,0,147546885,211469356,211469356,226655.25830653805,147546885
80226,Lochau,5667,31.10.2013,2015,31.12.2015,470992401,0,22865907,493858308,1283724284,1283724284,226526.25445562025,493858308
80237,Sibratsgfäll,385,31.10.2008,2010,31.12.2010,15528814,0,1006337,16535151,87174645,87174645,226427.64935064936,16535151
80111,Innerbraz,971,31.10.2009,2011,31.12.2011,44648107,423700,2179253,8919736,219742816,219742816,226305.6807415036,8919736
80423,Weiler,2020,31.10.2011,2013,31.12.2013,171030962,648800,3951245,239862207,456714264,456714264,226096.1702970297,239862207
80416,Röthis,1956,31.10.2008,2009,31.12.2009,154232942,0,0,154232942,442145395,442145395,226045.70296523516,154232942
80410,Koblach,4288,31.10.2012,2014,31.12.2014,109639123,6215500,0,731189123,968832221,968832221,225940.3500466418,731189123
80421,Übersaxen,615,31.10.2012,2014,31.12.2014,122851719,707600,0,193611719,138867103,138867103,225800.1674796748,193611719
80213,Fußach,3663,31.10.2009,2011,31.12.2011,329712696,6502600,0,979972696,826420315,826420315,225612.97160797162,979972696
80423,Weiler,1748,31.10.2001,2006,31.12.2006,145477244,912800,63392354,300149598,394144231,394144231,225482.96967963385,300149598
80404,Feldkirch,30581,31.10.2008,2009,31.12.2009,3375165969,3265000,363487017,4065152986,6888827299,6888827299,225264.94552172918,4065152986
80201,Alberschwende,3129,31.10.2013,2015,31.12.2015,301739215,12461100,1686468,1549535683,704846816,704846816,225262.64493448386,1549535683
80214,Gaißau,1704,31.10.2012,2014,31.12.2014,60206121,0,39198214,99404335,383663072,383663072,225154.38497652582,99404335
80226,Lochau,5357,31.10.2009,2011,31.12.2011,67780428,0,4865253,72645681,1206093464,1206093464,225143.45043867835,72645681
80405,Frastanz,6143,31.10.2010,2012,31.12.2012,599011317,4547600,91195815,1144967132,1382180213,1382180213,225000.84860817192,1144967132
80213,Fußach,3521,31.10.2001,2007,31.12.2007,374732023,2847700,0,659502023,791096963,791096963,224679.6259585345,659502023
80220,Kennelbach,1884,31.10.2011,2013,31.12.2013,207429228,0,10528912,21795814,423175847,423175847,224615.63004246284,21795814
80208,Buch,555,31.10.2011,2013,31.12.2013,16154179,0,0,16154179,124622616,124622616,224545.25405405406,16154179
80418,Schlins,2260,31.10.2008,2010,31.12.2010,41947937,0,0,41947937,506108564,506108564,223941.8424778761,41947937
80407,Göfis,3000,31.10.2008,2009,31.12.2009,1336870723,0,0,1336870723,644027429,669856037,223285.34566666666,1336870723
80215,Hard,11468,31.10.2001,2006,31.12.2006,1067443786,0,300846883,1368290669,2558779098,2558380042,223088.59801185908,1368290669
80412,Mäder,3646,31.10.2009,2011,31.12.2011,587046926,2800000,18586443,1113118244,811450063,811450063,222558.98601206802,1052911356
80413,Meiningen,2115,31.10.2014,2016,31.12.2016,34544805,1352500,350838,191070861,470469656,470469656,222444.2817966903,173303185
80214,Gaißau,1665,31.10.2010,2012,31.12.2012,87279013,0,64291456,171677336,370034464,370034464,222242.9213213213,151570469
80117,Nüziders,4856,31.10.2012,2014,31.12.2014,258077362,6749800,64708257,1139177953,1078530437,1078530437,222102.64353377264,997765619
80401,Altach,6392,31.10.2010,2012,31.12.2012,163829141,0,0,173889019,1417659437,1415886202,221509.10544430537,163829141
80302,Hohenems,15283,31.10.2011,2013,31.12.2013,204375047,11636600,0,339908975,3383943815,3383943815,221418.8192763201,320741047
80104,Bludesch,2158,31.10.2001,2006,31.12.2006,52730925,610400,2216094,636929671,427241135,477282699,221168.9986098239,590565344
80218,Hörbranz,6295,31.10.2013,2015,31.12.2015,52651297,0,9832309,70254567,1391888763,1391888763,221110.2085782367,62483606
80218,Hörbranz,6324,31.10.2014,2016,31.12.2016,43352436,0,5938932,54668828,1397422511,1397422511,220971.30154965213,49291368
80235,Schwarzach,3372,31.10.2001,2008,31.12.2008,281352773,9635600,0,1369233668,744855543,744855543,220894.28914590747,1244912773
80210,Doren,1002,31.10.2001,2006,31.12.2006,50504216,1045200,379778,218622063,221329206,221329206,220887.43113772455,193002016
80410,Koblach,4148,31.10.2009,2011,31.12.2011,190332291,7449300,0,1015774880,915195831,915195831,220635.4462391514,935262291
80202,Andelsbuch,2285,31.10.2001,2007,31.12.2007,248394985,0,0,272735540,503691285,503691285,220433.8227571116,248394985
80418,Schlins,2255,31.10.2009,2011,31.12.2011,422320477,0,0,447084864,496637884,496637884,220238.52949002216,422320477
80419,Schnifis,706,31.10.2001,2007,31.12.2007,63155014,0,16942759,91198954,155206654,155206654,219839.45325779036,80097773
80224,Lauterach,9269,31.10.2009,2011,31.12.2011,1241069034,2599400,20513959,1880862771,2035782485,2035782485,219633.4539864063,1706148624
80206,Bizau,960,31.10.2001,2008,31.12.2008,51959923,0,0,59489481,210795822,210795822,219578.98125,51959923
80302,Hohenems,15151,31.10.2010,2012,31.12.2012,2250011053,12295000,0,3915965505,3426188399,3322060228,219263.43000462017,3479511053
80201,Alberschwende,3019,31.10.2001,2007,31.12.2007,420967432,6758000,361527,1197107684,660715872,661496686,219111.19112288838,1132920132
80101,Bartholomäberg,2232,31.10.2001,2008,31.12.2008,365829748,0,750000,469085304,488500251,488500251,218862.11962365592,440829748
80416,Röthis,1997,31.10.2001,2008,31.12.2008,114549782,0,0,129680879,436726378,436726378,218691.22583875814,114549782
80420,Sulz,2353,31.10.2009,2011,31.12.2011,393563966,0,161829546,585099569,496561016,514267055,218558.0344241394,555393512
80408,Götzis,10095,31.10.2001,2006,31.12.2006,138130932,372314994,644537,2071640075,2203071351,2203071351,218233.91292719168,1818078014
80202,Andelsbuch,2325,31.10.2009,2011,31.12.2011,187749408,0,0,203350214,506943417,506943417,218040.1793548387,187749408
80218,Hörbranz,6348,31.10.2008,2009,31.12.2009,128268509,0,57848139,200640181,1384093762,1384093762,218036.19439193446,186116648
80127,Thüringerberg,667,31.10.2001,2006,31.12.2006,38677811,0,0,40857064,145411076,145411076,218007.61019490255,38677811
80203,Au,1663,31.10.2009,2011,31.12.2011,13477396,1717400,0,32594777,361387573,361387573,217310.62717979556,30651396
80405,Frastanz,6194,31.10.2009,2011,31.12.2011,672769615,4869400,105973123,1416054628,1345745941,1345745941,217266.05440749112,1265682738
80418,Schlins,2298,31.10.2010,2012,31.12.2012,398554287,0,0,435153678,498890894,498890894,217097.86510008704,398554287
80126,Thüringen,2157,31.10.2001,2007,31.12.2007,308137263,0,0,349443882,467467407,467467407,216721.09735744089,308137263
80422,Viktorsberg,378,31.10.2001,2008,31.12.2008,41118789,0,11019242,55671276,81841873,81841873,216512.89153439153,52138031
80302,Hohenems,13889,31.10.2001,2008,31.12.2008,2983949676,6174900,142635,3802835447,3004181904,3004181904,216299.36669306646,3615703176
80423,Weiler,1994,31.10.2010,2012,31.12.2012,186530066,728700,11816943,307566364,431280193,431280193,216288.9633901705,271217009
80220,Kennelbach,1886,31.10.2010,2012,31.12.2012,227773893,0,11295455,251215599,407497267,407497267,216064.29851537646,239069348
80412,Mäder,3809,31.10.2013,2015,31.12.2015,456468511,2953800,95608216,951016563,821439539,821439539,215657.531898136,847456727
80221,Krumbach,933,31.10.2001,2007,31.12.2007,122752415,0,0,131026769,201046863,201046863,215484.31189710612,122752415
80225,Lingenau,1328,31.10.2001,2007,31.12.2007,621005372,4580600,45841931,1214282437,284468897,284468897,214208.50677710844,1124907303
80210,Doren,1002,31.10.2001,2007,31.12.2007,45957101,930300,344612,191903875,214623754,214623754,214195.36327345308,173448301
80111,Innerbraz,988,31.10.2008,2010,31.12.2010,55497919,436000,0,108188159,211523141,211523141,214092.2479757085,99097919
80212,Eichenberg,384,31.10.2001,2008,31.12.2008,76514428,0,0,87378520,80529087,82186921,214028.44010416666,76514428
80226,Lochau,5411,31.10.2010,2012,31.12.2012,638149255,0,4258312,778652024,1154900889,1154900889,213435.75845499907,680732375
80410,Koblach,4128,31.10.2008,2010,31.12.2010,218555034,7282400,0,1014288233,880759136,880759136,213362.19379844962,946795034
80302,Hohenems,13889,31.10.2001,2007,31.12.2007,3174833039,5680000,185380,4130179188,2960359163,2960359163,213144.15458276332,3761371039
80201,Alberschwende,3101,31.10.2009,2011,31.12.2011,270165263,13308400,22620185,1813727072,658251496,658251496,212270.7178329571,1623625448
80214,Gaißau,1630,31.10.2008,2009,31.12.2009,124382694,0,70203677,208347955,345527995,345527995,211980.36503067485,194586371
80214,Gaißau,1486,31.10.2001,2008,31.12.2008,85580431,0,82259706,191031022,314999887,314999887,211978.38963660834,167840137
80422,Viktorsberg,383,31.10.2008,2009,31.12.2009,35532276,0,3315905,43009904,81094404,81094404,211734.7362924282,38848181
80405,Frastanz,6247,31.10.2008,2010,31.12.2010,728773066,4625000,121131042,1401070409,1321964575,1321964575,211615.90763566512,1312404108
80214,Gaißau,1486,31.10.2001,2006,31.12.2006,89717527,0,104434374,212493092,314452541,314452541,211610.05450874832,194151901
80417,Satteins ,2578,31.10.2010,2012,31.12.2012,54542177,3234400,0,425513841,545442002,545442002,211575.640806827,377982177
80240,Wolfurt,7847,31.10.2001,2007,31.12.2007,230012212,0,0,262301858,1658996921,1658996921,211417.98407034535,230012212
80127,Thüringerberg,667,31.10.2001,2007,31.12.2007,58067611,0,0,65096267,141005315,141005315,211402.27136431783,58067611
80226,Lochau,5540,31.10.2012,2014,31.12.2014,510812267,0,29637124,592567840,1170807209,1170807209,211337.04133574007,540449391
80126,Thüringen,2157,31.10.2001,2008,31.12.2008,294282399,0,0,315827204,455542764,455542764,211192.75104311545,294282399
80126,Thüringen,2195,31.10.2008,2010,31.12.2010,23142757,0,0,25480536,463491151,463491151,211157.69977220957,23142757
80232,Schnepfau,473,31.10.2010,2012,31.12.2012,14647815,412500,0,62395069,154870241,99815599,211026.63636363635,55897815
80129,Vandans,2638,31.10.2001,2006,31.12.2006,549259318,2036200,0,835928713,555549189,555549189,210594.84040940105,752879318
80235,Schwarzach,3372,31.10.2001,2006,31.12.2006,324096022,7430300,0,1120641172,704945391,704945391,209058.53825622777,1067126022
80219,Hohenweiler,1268,31.10.2013,2015,31.12.2015,45323803,0,0,50732098,264776104,264776104,208813.96214511042,45323803
80420,Sulz,2361,31.10.2008,2009,31.12.2009,454260789,0,227651038,757929060,492596724,492596724,208639.01905972045,681911827
80416,Röthis,1997,31.10.2001,2006,31.12.2006,13836103,0,0,15134501,415444716,415444716,208034.40961442163,13836103
80119,St. Anton i.M.,688,31.10.2008,2009,31.12.2009,170351171,0,0,181059155,143086719,143086719,207974.88226744186,170351171
80128,Tschagguns,2335,31.10.2001,2006,31.12.2006,340508866,1820500,0,558366739,491944408,485282014,207829.55631691648,522558866
80302,Hohenems,15088,31.10.2008,2009,31.12.2009,2860648221,6921500,99855,3754621003,3130278438,3130278438,207468.0831124072,3562783721
80216,Hittisau,1845,31.10.2008,2009,31.12.2009,79239438,0,0,87299862,382576452,382576452,207358.51056910568,79239438
80240,Wolfurt,7847,31.10.2001,2006,31.12.2006,250653355,0,0,287861813,1626702898,1626702898,207302.5230024213,250653355
80414,Rankweil,11171,31.10.2001,2006,31.12.2006,1077003956,4236300,47555914,162784855,2315630561,2315630561,207289.46029898844,154818987
80201,Alberschwende,3019,31.10.2001,2008,31.12.2008,393162767,6404600,33922479,1205292360,628640289,625386404,207150.18350447167,1067545246
80203,Au,1643,31.10.2001,2007,31.12.2007,111214776,0,0,121330794,339200285,339200285,206451.78636640293,111214776
80410,Koblach,3797,31.10.2001,2008,31.12.2008,265780551,400600,21628921,345781144,782734217,782734217,206145.43508032657,327469472
80202,Andelsbuch,2382,31.10.2013,2015,31.12.2015,73010193,0,0,78595482,490295367,490295367,205833.48740554156,73010193
80224,Lauterach,9381,31.10.2010,2012,31.12.2012,1185334936,2362800,156906496,1781131271,1928572895,1928572895,205582.8690971112,1578521432
80412,Mäder,3528,31.10.2008,2009,31.12.2009,537687342,0,230042435,857569492,724604281,724604281,205386.70096371882,767729777
80302,Hohenems,15088,31.10.2008,2010,31.12.2010,2657118436,9597100,57075,4072068254,3089830246,3098770658,205379.81561505832,3622535936
80117,Nüziders,4870,31.10.2011,2013,31.12.2013,313801967,7619500,77286614,1297341624,999079037,999079037,205149.69958932238,1153038581
80235,Schwarzach,3670,31.10.2010,2012,31.12.2012,171505123,8412100,0,1154918918,752762913,752762913,205112.51035422343,1012715123
80413,Meiningen,2029,31.10.2011,2013,31.12.2013,45426241,1622500,0,221524379,415971079,415971079,205012.8531296205,207676241
80235,Schwarzach,3595,31.10.2008,2010,31.12.2010,228053661,9419200,0,1280803143,736349496,736349496,204826.00723226703,1169973661
80222,Langen b.Breg.,1317,31.10.2009,2011,31.12.2011,8923346,0,0,9748671,269473711,269473711,204611.7775246773,8923346
80410,Koblach,4249,31.10.2011,2013,31.12.2013,129559599,6540000,0,863130057,867946975,867946975,204270.881383855,783559599
80235,Schwarzach,3606,31.10.2009,2011,31.12.2011,200103331,8955600,0,1169344669,736019321,736019321,204109.6286744315,1095663331
80129,Vandans,2638,31.10.2001,2007,31.12.2007,504307004,1906300,0,772991707,538410045,538410045,204097.81842304775,694937004
80410,Koblach,4128,31.10.2008,2009,31.12.2009,234364228,3432000,0,663696990,839362598,839362598,203333.96269379844,577564228
80237,Sibratsgfäll,422,31.10.2001,2006,31.12.2006,24890813,0,8344916,35831486,85586379,85586379,202811.32464454975,33235729
80220,Kennelbach,1888,31.10.2008,2010,31.12.2010,137523644,0,1274611,166636710,382516515,382516515,202604.08633474575,150269754
80232,Schnepfau,464,31.10.2012,2014,31.12.2014,10470158,255300,0,38660575,160024639,93840358,202242.15086206896,36000158
80202,Andelsbuch,2317,31.10.2010,2012,31.12.2012,121099403,0,0,136803256,468535387,468535387,202216.3949072076,121099403
80415,Röns,289,31.10.2001,2006,31.12.2006,54076716,0,0,56832809,58402172,58402172,202083.64013840831,54076716
80424,Zwischenwasser ,3050,31.10.2001,2006,31.12.2006,367003796,15329748,49513407,609364418,616577667,616216082,202038.05967213114,569814683
80232,Schnepfau,468,31.10.2011,2013,31.12.2013,12572957,343900,0,53705102,131585323,94471114,201861.3547008547,46962957
80208,Buch,547,31.10.2008,2009,31.12.2009,23540057,0,0,25470296,110130563,110130563,201335.58135283363,23540057
80212,Eichenberg,384,31.10.2001,2006,31.12.2006,58090901,0,0,63484337,75783218,77277273,201242.8984375,58090901
80417,Satteins ,2572,31.10.2008,2009,31.12.2009,94342104,0,0,102236697,516987573,516987573,201006.05482115084,94342104
80127,Thüringerberg,667,31.10.2001,2008,31.12.2008,50162959,0,0,53520346,133744131,133744131,200515.93853073462,50162959
80202,Andelsbuch,2360,31.10.2012,2014,31.12.2014,89392528,0,0,98159201,472560445,472560445,200237.47669491524,89392528
80232,Schnepfau,465,31.10.2013,2015,31.12.2015,8329047,316500,0,42481565,140549197,93103176,200221.88387096775,39979047
80117,Nüziders,4864,31.10.2008,2009,31.12.2009,511877829,2768600,124075686,999295477,973765134,973765134,200198.42393092104,912813515
80208,Buch,547,31.10.2008,2010,31.12.2010,21314839,0,0,22701672,107947689,109456755,200103.75685557586,21314839
80111,Innerbraz,975,31.10.2001,2007,31.12.2007,206011396,493200,512562,292680441,194701722,194701722,199694.07384615386,255843958
80128,Tschagguns,2335,31.10.2001,2007,31.12.2007,319301509,1825800,0,537643145,466023597,465625558,199411.373875803,501881509
80235,Schwarzach,3595,31.10.2008,2009,31.12.2009,256162939,9155800,0,1322342448,716809827,716809827,199390.77246175244,1171742939
80416,Röthis,1997,31.10.2001,2007,31.12.2007,126241872,0,0,144460250,397743857,397743857,199170.6845267902,126241872
80237,Sibratsgfäll,422,31.10.2001,2008,31.12.2008,16885498,0,482772,24003204,83180364,83180364,197109.8672985782,21713218
80226,Lochau,5241,31.10.2001,2007,31.12.2007,492250103,0,56267016,597763439,1033047284,1033047284,197108.81205876742,548517119
80302,Hohenems,15107,31.10.2009,2011,31.12.2011,2454537241,12953400,14295,4301670250,3039953954,2976520563,197029.22903289864,3751306741
80227,Mellau,1282,31.10.2001,2006,31.12.2006,174707947,962890,0,288932377,251505109,251505109,196181.83229329172,270996947
80226,Lochau,5319,31.10.2008,2009,31.12.2009,429322481,0,43110583,518803846,1043298666,1043298666,196145.641285956,472433064
80413,Meiningen,2059,31.10.2012,2014,31.12.2014,41632256,1532500,0,215046931,403131767,403131767,195790.0762506071,194882256
80413,Meiningen,1957,31.10.2008,2010,31.12.2010,60469891,0,0,69415414,382877749,382877749,195645.24731732244,60469891
80218,Hörbranz,6323,31.10.2012,2014,31.12.2014,6512197,0,13395575,83743496,1236905412,1236905412,195620.0240392219,78517545
80201,Alberschwende,3109,31.10.2011,2013,31.12.2013,247967931,12311300,11847797,1666217819,607290539,607290539,195333.0778385333,1490945728
80219,Hohenweiler,1247,31.10.2001,2008,31.12.2008,144394971,0,0,157975078,243447113,243447113,195226.23336006416,144394971
80232,Schnepfau,483,31.10.2001,2006,31.12.2006,26848751,658800,0,102934198,139661777,94114161,194853.3354037267,92728751
80221,Krumbach,992,31.10.2008,2010,31.12.2010,1194943,0,0,1280191,193013635,193013635,194570.19657258064,1194943
80222,Langen b.Breg.,1351,31.10.2008,2009,31.12.2009,1391446,0,0,1489662,262505264,262505264,194304.41450777202,1391446
80424,Zwischenwasser ,3050,31.10.2001,2007,31.12.2007,38572079,1488900,334710,61459632,589648331,591389801,193898.29540983608,56808179
80229,Möggers,561,31.10.2001,2007,31.12.2007,104891861,0,21006409,14251015,108477062,108477062,193363.7468805704,12589827
80208,Buch,558,31.10.2001,2008,31.12.2008,26630563,0,0,30218257,107854153,107854153,193287.01254480286,26630563
80235,Schwarzach,3372,31.10.2001,2007,31.12.2007,302527091,7973200,0,1230205981,650858445,650858445,193018.51868327401,1099847091
80218,Hörbranz,6282,31.10.2010,2012,31.12.2012,89068148,0,26634208,125833035,1211273609,1211273609,192816.55666985037,115702356
80117,Nüziders,4864,31.10.2008,2010,31.12.2010,482896648,4483700,113091528,1101688196,935374445,935374445,192305.6013569079,1044358176
80222,Langen b.Breg.,1310,31.10.2010,2012,31.12.2012,0,0,0,0,251894523,251894523,192285.89541984734,0
80101,Bartholomäberg,2232,31.10.2001,2006,31.12.2006,367112412,0,694078,415899300,427182235,427182235,191389.8902329749,374053192
80101,Bartholomäberg,2232,31.10.2001,2007,31.12.2007,336276988,0,0,366574865,425581238,425581238,190672.5976702509,336276988
80226,Lochau,5241,31.10.2001,2008,31.12.2008,456208432,0,46275015,569960976,995261066,995261066,189899.0776569357,502483447
80232,Schnepfau,471,31.10.2009,2011,31.12.2011,16669792,478100,0,70495916,12585135,89034681,189033.29299363057,64479792
80424,Zwischenwasser ,3050,31.10.2001,2008,31.12.2008,380528423,1471200,166687,623564230,550198983,575212013,188594.10262295083,544317123
80214,Gaißau,1486,31.10.2001,2007,31.12.2007,91118057,0,93391111,197270735,280119185,280119185,188505.50807537013,184509168
80412,Mäder,3142,31.10.2001,2007,31.12.2007,44923183,0,256913051,795614984,592242845,592242845,188492.31222151496,706144881
80219,Hohenweiler,1257,31.10.2011,2013,31.12.2013,79682547,0,0,91318069,236745738,236745738,188341.87589498807,79682547
80410,Koblach,4198,31.10.2010,2012,31.12.2012,16040004,7063700,0,98745926,787045418,787045418,187481.04287756074,86677004
80117,Nüziders,4477,31.10.2001,2007,31.12.2007,454917654,2709600,143445023,979502563,837604353,837604353,187090.54121063213,869322677
80232,Schnepfau,483,31.10.2001,2008,31.12.2008,22620809,662500,0,99179190,141994925,90224886,186801.00621118012,88870809
80219,Hohenweiler,1272,31.10.2009,2011,31.12.2011,114465049,0,0,126332380,237461565,237461565,186683.62028301886,114465049
80219,Hohenweiler,1266,31.10.2008,2009,31.12.2009,148663151,0,0,167113840,236145089,236145089,186528.50631911532,148663151
80413,Meiningen,2081,31.10.2013,2015,31.12.2015,38108609,1442500,350838,196233483,387913634,387913634,186407.32051898126,185866989
80224,Lauterach,8676,31.10.2001,2007,31.12.2007,903958134,3600400,390319199,1819876568,1616826722,1616826722,186356.23812816967,1654317333
80201,Alberschwende,3097,31.10.2010,2012,31.12.2012,244880093,12887200,17457112,1725939611,576951056,576951056,186293.52793025508,1551057205
80214,Gaißau,1630,31.10.2008,2010,31.12.2010,108222866,0,58823241,182503322,300898414,300898414,184600.25398773007,167046107
80202,Andelsbuch,2344,31.10.2011,2013,31.12.2013,105275943,0,0,120356183,430191929,430191929,183528.97994880547,105275943
80202,Andelsbuch,2285,31.10.2001,2006,31.12.2006,265199363,0,0,292684908,417196414,417196414,182580.4875273523,265199363
80413,Meiningen,2015,31.10.2009,2011,31.12.2011,5533245,962500,0,16609294,367528591,367528591,182396.3230769231,15158245
80222,Langen b.Breg.,1351,31.10.2008,2010,31.12.2010,11453488,0,0,12547132,245092669,245092669,181415.74315321984,11453488
80237,Sibratsgfäll,422,31.10.2001,2007,31.12.2007,1979741,0,6613367,28908648,76529186,76529186,181348.78199052133,26410777
80202,Andelsbuch,2308,31.10.2008,2009,31.12.2009,220474412,0,0,234106674,417904289,417904289,181067.71620450605,220474412
80218,Hörbranz,6151,31.10.2001,2008,31.12.2008,143600541,0,61342731,217680502,1112765811,1112765811,180908.11429035928,204943272
80424,Zwischenwasser ,3122,31.10.2009,2011,31.12.2011,328690225,1359200,0,489453850,563435747,563435747,180472.6928251121,464610225
80224,Lauterach,8676,31.10.2001,2006,31.12.2006,91454378,4249000,436618257,2035520515,1558881274,1558881274,179677.4174734901,1776062037
80117,Nüziders,4477,31.10.2001,2006,31.12.2006,459138484,3100300,152631617,1027037520,802965817,802965817,179353.5441143623,921800101
80206,Bizau,1013,31.10.2009,2011,31.12.2011,28197203,0,0,30851419,180837756,180837756,178517.0345508391,28197203
80202,Andelsbuch,2285,31.10.2001,2008,31.12.2008,235181131,0,0,259848059,407043288,407043288,178137.10634573305,235181131
80219,Hohenweiler,1287,31.10.2010,2012,31.12.2012,97167985,0,0,102637670,228384422,228384422,177454.87334887334,97167985
80413,Meiningen,1872,31.10.2001,2008,31.12.2008,23978635,0,8558921,37273963,330992268,330992268,176812.10897435897,32537556
80208,Buch,558,31.10.2001,2006,31.12.2006,32667099,0,0,34771130,98407501,98407501,176357.52867383513,32667099
80219,Hohenweiler,1266,31.10.2008,2010,31.12.2010,131585032,0,0,144016647,222081882,222081882,175420.1279620853,131585032
80206,Bizau,1001,31.10.2008,2010,31.12.2010,36108927,0,0,38860634,175084356,175084356,174909.44655344656,36108927
80415,Röns,289,31.10.2001,2007,31.12.2007,49606251,0,0,55200202,50484157,50484157,174685.66435986158,49606251
80218,Hörbranz,6348,31.10.2008,2010,31.12.2010,112897821,0,42226765,166152607,1108632372,1108632372,174642.7807183365,155124586
80412,Mäder,3142,31.10.2001,2006,31.12.2006,50785846,0,278014006,826775059,542918738,542918738,172793.9968173138,785872466
80226,Lochau,5241,31.10.2001,2006,31.12.2006,527981648,0,67747482,67644563,904335129,904335129,172550.11047510017,59572913
80417,Satteins ,2572,31.10.2008,2010,31.12.2010,77954193,0,0,83133282,4231496,443622961,172481.71111975115,77954193
80413,Meiningen,1957,31.10.2008,2009,31.12.2009,65551034,0,0,74006043,336915548,336915548,172159.1967296883,65551034
80413,Meiningen,1872,31.10.2001,2006,31.12.2006,29146791,0,50822875,85560988,321946983,321946983,171980.22596153847,79969666
80424,Zwischenwasser ,3109,31.10.2008,2009,31.12.2009,366102306,1402400,0,549560083,532210664,533916801,171732.64747507236,506342306
80218,Hörbranz,6370,31.10.2009,2011,31.12.2011,101068914,0,35212064,151457025,1090832903,1090832903,171245.35368916797,136280978
80218,Hörbranz,6151,31.10.2001,2007,31.12.2007,157239789,0,75133565,253777029,1052514467,1052514467,171112.74052999512,232373354
80239,Warth,183,31.10.2010,2012,31.12.2012,246553882,426300,0,305251487,31142438,31142438,170177.25683060108,289183882
80220,Kennelbach,1961,31.10.2001,2007,31.12.2007,164302992,0,14963292,202033158,332858605,332858605,169739.21723610404,179266284
80202,Andelsbuch,2308,31.10.2008,2010,31.12.2010,204314023,0,0,225024746,391576323,391576323,169660.4519064125,204314023
80219,Hohenweiler,1247,31.10.2001,2007,31.12.2007,157818916,0,0,166470499,210661666,210661666,168934.77626303126,157818916
80424,Zwischenwasser ,3109,31.10.2008,2010,31.12.2010,351055224,1419600,0,529756908,53822406,523608557,168417.03345127052,493015224
80410,Koblach,3797,31.10.2001,2007,31.12.2007,243734971,412500,49309497,373646160,637436911,637436911,167879.09165130366,334294468
80113,Lech,1501,31.10.2015,2017,31.12.2017,61330689,9728000,3278407,1089761080,2510137939,251013794,167231.04197201866,1037409096
80220,Kennelbach,1888,31.10.2008,2009,31.12.2009,138554836,0,13483538,173661315,314366673,314366673,166507.7717161017,152038374
80220,Kennelbach,1961,31.10.2001,2006,31.12.2006,16775561,0,16501367,203735758,325243442,325243442,165855.9112697603,184256977
80417,Satteins ,2435,31.10.2001,2006,31.12.2006,119990143,0,0,128171103,403441846,403441846,165684.5363449692,119990143
80232,Schnepfau,485,31.10.2008,2010,31.12.2010,18648315,548000,0,78529085,132017006,79070984,163032.95670103093,73448315
80410,Koblach,3797,31.10.2001,2006,31.12.2006,283267204,437500,75879724,431541306,616294297,616294297,162310.8498814854,402896928
80220,Kennelbach,1961,31.10.2001,2008,31.12.2008,155513656,0,14191237,182516784,316440186,316440186,161366.74451810302,169704893
80232,Schnepfau,485,31.10.2008,2009,31.12.2009,20611788,684600,0,102414151,87306575,76531519,157796.94639175257,89071788
80218,Hörbranz,6151,31.10.2001,2006,31.12.2006,171323204,0,96633888,298169252,954906973,954906973,155244.18354739065,267957092
80219,Hohenweiler,1247,31.10.2001,2006,31.12.2006,170565313,0,0,194913964,183084147,183084147,146819.6848436247,170565313
80413,Meiningen,1872,31.10.2001,2007,31.12.2007,26577298,0,28367557,62291412,272941567,272941567,145802.11912393162,54944855
80232,Schnepfau,483,31.10.2001,2007,31.12.2007,24747071,713100,0,104856928,8743128,69410282,143706.58799171844,96057071
80113,Lech,1652,31.10.2008,2010,31.12.2010,336477561,12979300,1472312,1761522429,180517685,178108062,107813.59685230024,1635879873
80234,Schröcken,232,31.10.2008,2010,31.12.2010,314830542,0,0,331910709,198816303,22888962,98659.31896551725,314830542
80105,Brand,677,31.10.2014,2016,31.12.2016,85969736,0,0,92308212,59336888,59336888,87646.80649926145,85969736
80110,Gaschurn,1482,31.10.2016,2018,31.12.2018,525727161,2640900,0,855255701,125528089,125528089,84701.81443994601,789817161
80112,Klösterle,683,31.10.2017,2019,31.12.2019,773505758,0,3411321,882851023,56956137,56956137,83391.12298682284,776917079
80109,Fontanella,433,31.10.2010,2012,31.12.2012,375194403,0,0,430113950,315196317,35871257,82843.54965357967,375194403
80121,St. Gerold,354,31.10.2013,2015,31.12.2015,495334961,859700,0,641014427,27389128,28615756,80835.46892655367,581304961
80209,Damüls,326,31.10.2001,2006,31.12.2006,316011288,630400,0,428262397,22096452,22096452,67780.52760736196,379051288
80228,Mittelberg,4765,31.10.2015,2017,31.12.2017,1473710517,0,0,1686711421,304421834,304421834,63887.05855194124,1473710517
80301,Dornbirn,49217,31.10.2017,2019,31.12.2019,1536393066,4379800,245234432,1742534775,3142725638,3142725638,63854.473820021536,1604714509
80121,St. Gerold,363,31.10.2011,2013,31.12.2013,224682728,924600,0,349116346,153188249,22859361,62973.44628099174,317142728
80301,Dornbirn,48741,31.10.2016,2018,31.12.2018,136268633,4769800,273999467,1550213675,3056898289,3056898289,62717.184485340884,1437784277
80211,Egg ,3520,31.10.2016,2018,31.12.2018,1158229686,4634200,813152,1846008289,215710036,215710036,61281.26022727273,1622462838
80406,Fraxern,666,31.10.2015,2017,31.12.2017,331199121,1523000,0,520703927,395923608,39601339,59461.46996996997,483499121
80301,Dornbirn,47962,31.10.2015,2017,31.12.2017,1304057916,5159700,30329154,150463049,2847782198,2847782198,59375.801634627416,138598407
80301,Dornbirn,47388,31.10.2014,2016,31.12.2016,130633002,4800600,331827132,1556482240,2734401887,2734401887,57702.41172870769,1387518733
80301,Dornbirn,46423,31.10.2012,2014,31.12.2014,1358956946,5474000,4688700,1609738055,2546375229,2546375229,54851.58712276242,1460583946
80301,Dornbirn,46852,31.10.2013,2015,31.12.2015,1325503351,5137300,400201169,1534773988,2552834112,2552834112,54487.19610688978,1416896468
80301,Dornbirn,45922,31.10.2011,2013,31.12.2013,1397085071,6069200,545171388,1654206119,2400622139,2400622139,52276.07985279387,1512294209
80205,Bildstein,731,31.10.2001,2008,31.12.2008,146118541,899000,0,261678249,315589195,37756834,51650.93570451436,236018541
80205,Bildstein,726,31.10.2010,2012,31.12.2012,20917892,557200,0,29078815,235066669,37472855,51615.50275482094,26489892
80228,Mittelberg,4837,31.10.2010,2012,31.12.2012,1353116924,1155400,0,1591012147,241639947,241639947,49956.57370270829,1468656924
80301,Dornbirn,42297,31.10.2001,2008,31.12.2008,1145481247,0,785457163,1294822750,2102805407,2102805407,49715.237652788615,1224026963
80301,Dornbirn,45212,31.10.2009,2011,31.12.2011,1331638482,6700000,691063394,1583008114,2209612546,2209612546,48872.25838273025,1467744821
80204,Bezau,1988,31.10.2008,2009,31.12.2009,320210213,0,0,343958039,96475192,96475192,48528.76861167002,320210213
80409,Klaus,3099,31.10.2012,2014,31.12.2014,1431648457,1903800,2645658,1755541570,148407522,148407522,47888.8422071636,1624674115
80301,Dornbirn,44795,31.10.2008,2009,31.12.2009,1243797453,4000000,779204415,1542337015,2135212793,2135212793,47666.31974550731,1361717895
80301,Dornbirn,42297,31.10.2001,2007,31.12.2007,1075353784,0,857283171,1250253988,2015902837,2015902837,47660.65765893562,1161082101
80415,Röns,313,31.10.2009,2011,31.12.2011,71906416,1690000,0,266898497,14663231,14663231,46847.38338658147,240906416
80421,Übersaxen,627,31.10.2017,2019,31.12.2019,170687141,0,0,180679700,28752949,29111103,46429.19138755981,170687141
80122,Schruns,3717,31.10.2016,2018,31.12.2018,1119892848,472800,0,1251384740,1711129014,170234833,45798.986548291636,1167172848
80416,Röthis,1846,31.10.2013,2015,31.12.2015,203164768,0,0,214430038,83191061,83191061,45065.58017334778,203164768
80120,St. Gallenkirch,2236,31.10.2015,2017,31.12.2017,468057151,4817400,992326,1014537140,97738069,97738069,43711.12209302326,950789477
80124,Sonntag,723,31.10.2001,2007,31.12.2007,298041728,0,25008001,346803577,2850735,30709812,42475.535269709544,323049729
80111,Innerbraz,935,31.10.2014,2016,31.12.2016,80029256,112800,0,101366960,38785085,38785085,41481.3743315508,91309256
80207,Bregenz,29595,31.10.2016,2018,31.12.2018,6505757864,0,144065133,7489786069,1204570482,1204570482,40701.82402432843,6649822997
80415,Röns,316,31.10.2010,2012,31.12.2012,65791276,1633600,0,248616521,12834603,12834603,40615.832278481015,229151276
80128,Tschagguns,2227,31.10.2016,2018,31.12.2018,96398097,1698300,593704,1281343613,817862441,90305742,40550.40053884149,1134404674
80108,Dalaas,1549,31.10.2015,2017,31.12.2017,320265455,142900,0,352273864,62651275,62651275,40446.27178825049,334555455
80124,Sonntag,683,31.10.2012,2014,31.12.2014,313163399,851300,0,427895401,274182837,27568363,40363.63543191801,398293399
80207,Bregenz,26747,31.10.2001,2006,31.12.2006,4024636687,16381300,404502236,6861403192,1079527506,1079527506,40360.69488166897,6067268923
80128,Tschagguns,2167,31.10.2011,2013,31.12.2013,721126237,2493800,0,1052458375,847723926,86457154,39897.16382095062,970506237
80227,Mellau,1303,31.10.2010,2012,31.12.2012,154447169,751400,0,257239030,50634143,50634143,38859.66462010745,229587169
80106,Bürs,3088,31.10.2012,2014,31.12.2014,403340174,9495700,46536827,1548471195,119598154,119598154,38729.97215025907,1399447001
80217,Höchst,7759,31.10.2014,2016,31.12.2016,1669702053,2669800,0,2036750148,300347885,300347885,38709.61270782317,1936682053
80120,St. Gallenkirch,2241,31.10.2008,2010,31.12.2010,811565559,0,0,932932756,963003285,86696123,38686.35564480143,811565559
80128,Tschagguns,2182,31.10.2014,2016,31.12.2016,90100795,2125500,0,120549514,83874373,83874373,38439.21769019248,111355795
80108,Dalaas,1548,31.10.2001,2008,31.12.2008,575163758,657100,176408,701807078,59086041,59086041,38169.27713178295,642637838
80207,Bregenz,29079,31.10.2015,2017,31.12.2017,5599180735,10683000,143790507,7363141134,1106068875,1106068875,38036.688847622,6811271242
80124,Sonntag,685,31.10.2014,2016,31.12.2016,262198844,731700,0,374803022,265785782,26039899,38014.45109489051,335368844
80126,Thüringen,2242,31.10.2017,2019,31.12.2019,551377167,8973100,0,1562811165,85003292,85003292,37914.046387154325,1448687167
80207,Bregenz,29791,31.10.2017,2019,31.12.2019,659035401,0,12142118,740588742,1123667428,1123667428,37718.35211976772,671177519
80125,Stallehr,272,31.10.2001,2007,31.12.2007,109314771,0,0,117617804,10110645,10110645,37171.48897058824,109314771
80118,Raggal,816,31.10.2011,2013,31.12.2013,398320441,1803200,2013198,655447758,30043267,30043267,36817.729166666664,580653639
80207,Bregenz,28743,31.10.2014,2016,31.12.2016,514403858,11650900,94295827,6974174555,1053943648,1053943648,36667.837316911944,6403424407
80411,Laterns,706,31.10.2009,2011,31.12.2011,200973274,852700,9578444,321314912,25504755,25504755,36125.71529745043,295821718
80106,Bürs,3188,31.10.2014,2016,31.12.2016,361907021,16158900,2150394,2281996465,112892757,112892757,35411.78074027604,1999300961
80118,Raggal,865,31.10.2016,2018,31.12.2018,305022521,1179500,0,446800284,30349308,30349308,35085.90520231214,422972521
80214,Gaißau,1789,31.10.2015,2017,31.12.2017,155334766,0,12993492,187164240,62143266,62143266,34736.31414197876,168328258
80405,Frastanz,6397,31.10.2017,2019,31.12.2019,301083155,2963600,11816438,681682552,1829499971,220897525,34531.42488666563,609259593
80128,Tschagguns,2209,31.10.2008,2010,31.12.2010,386170187,2999900,0,778654470,743608208,76059155,34431.487098234495,686160187
80240,Wolfurt,8246,31.10.2014,2016,31.12.2016,38308125,0,896249,44511925,283147299,283147299,34337.53322823187,39204374
80118,Raggal,861,31.10.2015,2017,31.12.2017,326559727,1282200,0,515588356,29426277,29426277,34176.8606271777,454779727
80108,Dalaas,1581,31.10.2016,2018,31.12.2018,291651688,85800,0,341012036,53876439,53876439,34077.444022770396,300231688
80206,Bizau,1018,31.10.2010,2012,31.12.2012,20258089,0,0,22629193,34519075,34519075,33908.718074656186,20258089
80207,Bregenz,27377,31.10.2009,2011,31.12.2011,423205342,16646000,269578266,6734838956,924901434,924901434,33783.885524345256,6166231686
80404,Feldkirch,31012,31.10.2012,2014,31.12.2014,4370305483,18188700,39793838,6901114809,1037387312,1037387312,33451.15800335354,6228969321
80237,Sibratsgfäll,389,31.10.2010,2012,31.12.2012,2555663,0,0,2768625,12994082,12994082,33403.80976863753,2555663
80412,Mäder,3880,31.10.2016,2018,31.12.2018,683704799,2368800,12856442,1017695300,126762806,126762806,32670.826288659795,933441241
80207,Bregenz,27831,31.10.2011,2013,31.12.2013,425769125,14940800,163768842,6529430407,904839092,904839092,32511.914483848945,5915540092
80230,Reuthe,613,31.10.2008,2010,31.12.2010,27205865,0,0,31286066,19781643,19781643,32270.216965742253,27205865
80116,Nenzing,5992,31.10.2012,2014,31.12.2014,1564743982,2822400,41888182,2487543512,193239035,193239035,32249.505173564754,2265865802
80118,Raggal,857,31.10.2009,2011,31.12.2011,227246324,2039100,29679,462316287,27525354,27525354,32118.266044340722,434124224
80203,Au,1684,31.10.2008,2009,31.12.2009,170624572,1942600,0,394438097,53825207,53825207,31962.711995249407,364884572
80223,Langenegg,1026,31.10.2001,2007,31.12.2007,187160006,0,0,207389459,32747344,32747344,31917.489278752437,187160006
80103,Bludenz,13992,31.10.2014,2016,31.12.2016,250297636,5167300,58713198,3428641033,442713289,442713289,31640.45804745569,3078419558
80125,Stallehr,283,31.10.2014,2016,31.12.2016,101031313,0,0,109148131,8912472,8912472,31492.833922261485,101031313
80404,Feldkirch,32853,31.10.2016,2018,31.12.2018,3624384559,13096600,0,5260531926,1030891749,1030891749,31378.922746781114,4934044559
80205,Bildstein,726,31.10.2016,2018,31.12.2018,283614665,0,0,314376719,21572277,21572277,29713.880165289258,283614665
80227,Mellau,1289,31.10.2008,2010,31.12.2010,175268201,725000,0,261186300,38260336,38260336,29682.184639255236,247768201
80125,Stallehr,274,31.10.2013,2015,31.12.2015,111576164,0,0,127847028,8079922,8079922,29488.766423357665,111576164
80424,Zwischenwasser,3218,31.10.2015,2017,31.12.2017,581288486,899700,0,767863594,94850717,94850717,29475.051895587323,671258486
80103,Bludenz  ,13701,31.10.2011,2013,31.12.2013,2262289521,6341200,38383324,3147156719,402633689,402633689,29387.17531567039,2934792845
80404,Feldkirch,31843,31.10.2014,2016,31.12.2016,4074381581,15642600,0,5943170634,931743529,931743529,29260.544829318846,5638641581
80206,Bizau,1026,31.10.2013,2015,31.12.2015,7214236,0,0,7945452,29873889,29873889,29116.85087719298,7214236
80423,Weiler,2090,31.10.2017,2019,31.12.2019,369750057,284000,0,431820080,60576556,60576556,28983.9980861244,398150057
80119,St. Anton i.M.,737,31.10.2012,2014,31.12.2014,195783748,0,0,222687294,21316428,21316428,28923.24016282225,195783748
80117,Nüziders,4908,31.10.2016,2018,31.12.2018,144300154,4761300,1299324,667735495,140730971,140730971,28673.79197229014,633423394
80404,Feldkirch,32338,31.10.2015,2017,31.12.2017,3898699479,14369600,0,5997572928,922107596,922107596,28514.676108602882,5335659479
80108,Dalaas,1536,31.10.2012,2014,31.12.2014,405200624,314300,0,488610627,43218451,43218451,28137.012369791668,436630624
80238,Sulzberg,1759,31.10.2009,2011,31.12.2011,106924475,1150000,0,249255585,48406001,48406001,27519.045480386583,221924475
80223,Langenegg,1057,31.10.2009,2011,31.12.2011,175547598,0,0,192557394,28904974,28904974,27346.238410596026,175547598
80418,Schlins,2378,31.10.2017,2019,31.12.2019,549192822,0,0,625752693,64962378,64962378,27318.073170731706,549192822
80221,Krumbach,933,31.10.2001,2008,31.12.2008,143241821,0,0,155505702,25340738,25340738,27160.49088960343,143241821
80216,Hittisau,1840,31.10.2014,2016,31.12.2016,2598009,0,102973,2952093,49912051,49912051,27126.11467391304,2700982
80230,Reuthe,616,31.10.2010,2012,31.12.2012,21601628,450000,0,71086817,16681628,16681628,27080.564935064936,66601628
80407,Göfis,2862,31.10.2001,2008,31.12.2008,1419652039,0,0,1492265914,77420656,77420656,27051.24248777079,1419652039
80205,Bildstein,766,31.10.2017,2019,31.12.2019,262684321,0,0,293152051,20693731,20693731,27015.31462140992,262684321
80103,Bludenz  ,13699,31.10.2001,2007,31.12.2007,2174906437,5470200,102103,311581821,369472854,369472854,26970.79013066647,272202854
80237,Sibratsgfäll,394,31.10.2014,2016,31.12.2016,38008999,0,0,43639655,10569971,10569971,26827.337563451776,38008999
80213,Fußach,3698,31.10.2008,2009,31.12.2009,39012868,5882800,0,108646457,99115553,99115553,26802.4751216874,97840868
80233,Schoppernau,905,31.10.2001,2007,31.12.2007,26895988,2736300,0,321991560,24025394,24025394,26547.396685082873,300525988
80226,Lochau,5720,31.10.2015,2017,31.12.2017,695130897,0,10154094,750580731,166173511,150968856,26393.156643356644,705284991
80127,Thüringerberg,684,31.10.2013,2015,31.12.2015,71446479,1073900,826739,205773334,18034353,18034353,26366.013157894737,179663218
80111,Innerbraz,975,31.10.2001,2006,31.12.2006,218008973,554700,73667,314097553,25204606,25204606,25850.87794871795,274215643
80119,St. Anton i.M.,722,31.10.2013,2015,31.12.2015,183477708,0,0,193302173,18565315,18565315,25713.73268698061,183477708
80226,Lochau,5319,31.10.2008,2010,31.12.2010,488696825,0,38715319,583448594,135153073,135153073,25409.489189697313,527412144
80405,Frastanz,6247,31.10.2012,2014,31.12.2014,577781142,4203200,62213168,115419433,155835396,155835396,24945.637265887624,106031431
80213,Fußach,3698,31.10.2008,2010,31.12.2010,35670323,6580500,0,112463847,91964733,91964733,24868.775824770146,101475323
80216,Hittisau,1813,31.10.2011,2013,31.12.2013,67409236,0,115555,78507353,44826571,44826571,24725.0805295091,68564786
80412,Mäder,3669,31.10.2010,2012,31.12.2012,539588853,3538800,178856214,1143229526,90024984,90024984,24536.654129190516,1072325067
80422,Viktorsberg,389,31.10.2011,2013,31.12.2013,17766525,0,0,19679402,9325233,9325233,23972.321336760924,17766525
80216,Hittisau,1801,31.10.2001,2006,31.12.2006,10620807,0,0,11374736,42622193,42622193,23665.848417545807,10620807
80236,Schwarzenberg,1788,31.10.2008,2009,31.12.2009,7531102,0,0,8239075,42124244,42124244,23559.420581655482,7531102
80104,Bludesch,2158,31.10.2001,2007,31.12.2007,476910652,554800,0,584291832,462531552,49857383,23103.51390176089,532390652
80404,Feldkirch,28607,31.10.2001,2007,31.12.2007,3476232037,3871700,497822879,4922162903,653096325,653096325,22829.94808962841,4361224916
80236,Schwarzenberg,1668,31.10.2001,2006,31.12.2006,112442708,0,4245,129126555,37814702,37814702,22670.684652278178,112867208
80424,Zwischenwasser ,3149,31.10.2010,2012,31.12.2012,30898276,1283400,0,50271997,70924087,70924087,22522.733248650366,43732276
80235,Schwarzach,3809,31.10.2013,2015,31.12.2015,132488862,7021000,0,894888088,85263889,85263889,22384.848779207143,834588862
80219,Hohenweiler,1264,31.10.2012,2014,31.12.2014,62481136,0,0,66657798,27732316,27732316,21940.12341772152,62481136
80238,Sulzberg,1753,31.10.2008,2009,31.12.2009,150404216,1160500,0,295733882,38307416,38307416,21852.490587564174,266454216
80412,Mäder,3757,31.10.2012,2014,31.12.2014,490945489,3148800,122871879,991861479,81596023,81596023,21718.398456215065,928697368
80226,Lochau,5729,31.10.2014,2016,31.12.2016,432798049,0,16053751,4801448,1305610344,122476773,21378.38593122709,4488518
80421,Übersaxen,613,31.10.2008,2009,31.12.2009,108626491,866900,102393,208872309,13033743,13033743,21262.223491027733,196340421
80126,Thüringen,2157,31.10.2001,2006,31.12.2006,303493251,0,0,339213330,45838268,45838268,21250.93555864627,303493251
80111,Innerbraz,988,31.10.2008,2009,31.12.2009,66524501,457600,64346,119083429,20982959,20982959,21237.812753036436,112348847
80420,Sulz,2189,31.10.2001,2007,31.12.2007,490248078,0,278005897,853577077,46419991,46419991,21206.026039287346,768253975
80117,Nüziders,4839,31.10.2013,2015,31.12.2015,230654618,6252700,51627975,976232904,102522338,102522338,21186.678652614177,907552593
80117,Nüziders,4849,31.10.2010,2012,31.12.2012,423020384,8365300,89761924,1529283467,102626028,102626028,21164.369560734172,1349312308
80413,Meiningen,1998,31.10.2010,2012,31.12.2012,50342293,912500,0,152858884,41941677,41941677,20991.83033033033,141592293
80235,Schwarzach,3726,31.10.2011,2013,31.12.2013,141983885,7792700,0,1020060630,78087499,78087499,20957.460815888353,921253885
80126,Thüringen,2195,31.10.2008,2009,31.12.2009,263810115,0,0,284242239,45413999,45413999,20689.748974943053,263810115
80229,Möggers,561,31.10.2001,2006,31.12.2006,114520114,0,29199131,155171606,11507609,11507609,20512.67201426025,143719245
80201,Alberschwende,3019,31.10.2001,2006,31.12.2006,450532444,5161300,398374,1093853757,612410055,61072114,20229.252732692945,1006499844
80417,Satteins ,2565,31.10.2009,2011,31.12.2011,66141242,3364200,0,430891554,51238043,51238043,19975.84522417154,402561242
80218,Hörbranz,6335,31.10.2011,2013,31.12.2013,7669689,0,17842304,101364736,120980623,120980623,19097.178058405683,94539194
80417,Satteins ,2435,31.10.2001,2007,31.12.2007,101164903,0,0,106970330,40911032,40911032,16801.245174537988,101164903
80234,Schröcken,232,31.10.2008,2009,31.12.2009,343195496,0,0,374965398,239109933,2513639,10834.650862068966,343195496
80112,Klösterle,662,31.10.2015,2017,31.12.2017,789228727,0,3876303,88946876,6415130,6415130,9690.528700906345,79310503
80228,Mittelberg,4837,31.10.2016,2018,31.12.2018,1831295506,0,0,2078809837,35876554,35876554,7417.108538350217,1831295506
80123,Silbertal,873,31.10.2001,2006,31.12.2006,21158606,0,0,24076252,6102649,6102649,6990.434135166094,21158606
80301,Dornbirn,45581,31.10.2010,2012,31.12.2012,1337115691,6430500,619448114,1620957283,233760950,233760950,5128.4734867598345,1463365503
80301,Dornbirn,44795,31.10.2008,2010,31.12.2010,1297166079,7000000,763985868,1655184275,214472209,214472209,4787.860453175577,1443564666
80301,Dornbirn,42297,31.10.2001,2006,31.12.2006,106408870,0,941272617,1220347631,181152761,181152761,4282.874932028276,1158215962
80102,Blons,354,31.10.2015,2017,31.12.2017,176134178,1730300,0,394174361,130941321,1455734,4112.242937853107,349164178
80115,Ludesch,3448,31.10.2017,2019,31.12.2019,1087287829,0,0,1142641741,14063693,14063693,4078.7972737819027,1087287829
80415,Röns,289,31.10.2001,2008,31.12.2008,70497964,0,0,75033399,947756,947756,3279.432525951557,70497964
80207,Bregenz,26747,31.10.2001,2008,31.12.2008,3817177071,19074300,309764187,6724571614,85596181,85596181,3200.2161363891278,6034371258
80220,Kennelbach,1898,31.10.2016,2018,31.12.2018,2101804,0,1981592,241710057,5722402,5722402,3014.964172813488,212161992
80103,Bludenz  ,13699,31.10.2001,2008,31.12.2008,2002877284,6072700,2546462,2802748321,36577187,36577187,2670.0625593108985,2612693746
80409,Klaus,2793,31.10.2001,2008,31.12.2008,562474322,4059700,666086,1067715281,6780095,6780095,2427.531328320802,969110408
80201,Alberschwende,3218,31.10.2015,2017,31.12.2017,257684673,11414900,1101052,1515882998,7060116,7060116,2193.9453076444997,1400275725
